Shipment Date;Line;Work Order;Sales Order;No.;Customer;Description;Color;Status;Qty;Weld;Paint;Shipped;Rest;Rest price
19.7.2024;G-LINE;WO067961;SO025534;141152;KENDA Europe A/S;WB AG9.50x14.5 H2 6/161/205 Ø21.5 R16 ET0 RFH;RAL9006;Finished;3;3;1;0;3;92,55
1.8.2024;-;(blank);SO025998;19020;Kenda Rubber Industrial Co. Europe GmbH;Custom Hub according drawing;;(blank);1;0;0;0;1;500
30.8.2024;A-LINE;WO067256;SO025295;360836;KENDA België NV;WI EK 2.50Ax8 25x80/88;RAL3000;Released;100;100;95;95;5;41,85
6.9.2024;B-LINE;WO067547;SO025382;684239;KENDA België NV;WI GK 4.50Ix9 H2 35x66/90 TL White 6207 2RS;BIANCO AZZURRATO;Released;500;500;457;457;43;821,73
6.9.2024;F-LINE;WO067830;SO025492;659510;STARCO Polska Sp. Z.o.o.;WB 16.00x17 H2 6/161/205 Ø21.5 R16 ET0;RAL9006;Released;100;100;99;99;1;68,06
13.9.2024;B-LINE;WO066223;SO024906;144566;STARCO Polska Sp. Z.o.o.;WI EK 5.50Ax8 H2 25x87/101 TL Grey RAL7035 6205;RAL7035;Released;500;500;195;195;305;3333,65
13.9.2024;B-LINE;WO067084;SO025223;736693;STARCO Polska Sp. Z.o.o.;WI EK 5.50Ax8 H2 25x85/95;RAL9006;Released;400;400;180;180;220;2455,2
20.9.2024;SPIN;WO069429;SO026030;646336;KENDA Europe A/S;WD Plug-fit 12mm  Ø440,0mm;UNPAINTED;Finished;4;4;4;0;4;180,88
18.10.2024;E-LINE;WO069160;SO025937;640143;KENDA Polska Sp. z.o.o.;WB 6.00Ix10 H2 4/56.5/100 Ø13 C60 ET0;RAL9006;Released;100;100;91;91;9;167,49
18.10.2024;G-LINE;WO069412;SO026025;681306;KENDA Polska Sp. z.o.o.;WB 13LBx15 H2 6/161/205 Ø21.5 R16 ET0;RAL7035;Released;20;20;19;19;1;57,24
30.10.2024;B-LINE;WO067771;SO025469;276427;KENDA België NV;WI GK 4.00Ex9 35x68;RAL9006;Released;500;500;440;440;60;969
31.10.2024;B-LINE;WO067775;SO025470;663838;KENDA België NV;WI GK 3.50Dx8 H2 35x68 TL Silver RAL9006;RAL9006;Released;500;500;458;458;42;562,8
31.10.2024;B-LINE;WO067781;SO025470;684239;KENDA België NV;WI GK 4.50Ix9 H2 35x66/90 TL White 6207 2RS;BIANCO AZZURRATO;Released;500;500;468;468;32;611,52
31.10.2024;E-LINE;WO069569;SO026079;276540;KENDA Polska Sp. z.o.o.;WB 6.00Ix10 H2 4/60/100 Ø16 R12 ET-4;RAL9006;Released;150;150;147;147;3;53,88
8.11.2024;-;(blank);SO026252;143996;KENDA Deutschland GmbH;WB 9.00x15.3 H2 6/161/205 Ø21.5 R16 ET0;;(blank);10;0;0;0;10;214,4
15.11.2024;B-LINE;WO070296;SO025503;274539;KENDA België NV;WB 3.50Bx10 H2 4/60/100 Ø14.5 C60 ET0;;Firm Planned;650;0;0;577;73;594,22
15.11.2024;C-LINE;WO069143;SO025920;316215;KENDA Polska Sp. z.o.o.;WI GK 4.50Ax6 H2 25x90;RAL9006;Released;200;200;106;106;94;929,66
15.11.2024;C-LINE;WO069156;SO025933;541747;KENDA Polska Sp. z.o.o.;WI EK 4.50Ax6 H 25x90/98;RAL9006;Released;300;300;164;164;136;1332,8
22.11.2024;COMPONENT;(blank);SO026337;581064;KENDA Europe A/S;GS Lead Nut for SOK Nut DIN   M16 1.50 S355J2G3...;;(blank);1;0;0;0;1;2,64
22.11.2024;COMPONENT;(blank);SO026337;157511;KENDA Europe A/S;DU Headspindle  MD/SOK 340mm;;(blank);1;0;0;0;1;8,24
22.11.2024;GS-LINE;WO070372;SO026337;695532;KENDA Europe A/S;DU AW Spacer Standard 12-160,0 DTS;RAL9006;Finished;1;1;1;0;1;58,8
28.11.2024;G-LINE;WO069074;SO025889;641935;AGROTES D.O.O.;WB 7Jx15 H2 6/161/205 Ø21.5 R16 ET0;RAL9006;Finished;70;70;69;68;2;112,6
29.11.2024;G-LINE;WO070165;SO026282;681306;KENDA Polska Sp. z.o.o.;WB 13LBx15 H2 6/161/205 Ø21.5 R16 ET0;RAL7035;Released;40;40;39;39;1;57,24
30.11.2024;C-LINE;WO067888;SO025503;139968;KENDA België NV;WB 2.50Ax8 H2 4/60/100 Ø14.5 C60 ET0;RAL9006;Finished;250;250;250;216;34;203,32
13.12.2024;B-LINE;WO069419;SO025299;437033;STARCO Polska Sp. Z.o.o.;WI ES 4.00Ax6 H2 19,1x76,2/70,2;RAL9006 (CP1000);Released;201;201;147;147;54;559,98
20.12.2024;A-LINE;WO070186;SO026292;375748;Bohnenkamp Benelux BV;WI GK 2.50Ax8 20x75;RAL3002;Released;500;500;498;498;2;17,92
27.12.2024;F-LINE;WO069149;SO025926;521022;KENDA Polska Sp. z.o.o.;WB AG13.00x15.5 H2 6/161/205 Ø21.5 R16 ET-15;RAL9006;Released;150;150;149;149;1;36,52
28.12.2024;B-LINE;WO069256;SO025976;385310;KENDA Polska Sp. z.o.o.;WI EK 7.00Ax8 H2 30x92/102;RAL9006;Released;200;200;195;195;5;84,5
28.12.2024;B-LINE;WO069572;SO026082;662732;KENDA Polska Sp. z.o.o.;WI EK 5.50Ax8 H2 25x85/95;RAL9006;Released;300;300;190;190;110;1227,6
28.12.2024;E-LINE;WO067994;SO025547;276441;STARCO Polska Sp. Z.o.o.;WB 7.00Ix12 H2 5/94/140 Ø18.5 R14 ET0;RAL9006;Released;50;50;49;49;1;27,07
28.12.2024;E-LINE;WO068009;SO025562;640143;STARCO Polska Sp. Z.o.o.;WB 6.00Ix10 H2 4/56.5/100 Ø13 C60 ET0;RAL9006;Released;100;100;99;99;1;18,61
31.12.2024;G-LINE;(blank);SO022279;448114;AGROMEHANIKA;WB 13LBx15 H2 6/161/205 Ø21.5 R16 ET-40;;(blank);30;0;0;0;30;2980,5
17.1.2025;A-LINE;WO068202;SO025602;262826;KENDA GB Rugeley Ltd;WI GO 2.50Ax8 35,3x63,5;RAL3002;Released;405;405;324;324;81;371,79
17.1.2025;E-LINE;WO068601;SO025734;723846;KENDA GB Rugeley Ltd;WB 8.50Ix12 H2 5/71/152.4 Ø14 C60 ET60;RAL9002;Finished;96;96;96;95;1;32,1
17.1.2025;F-LINE;WO069533;SO026067;614564;KENDA GB Rugeley Ltd;WB W13x20 H2 8/221/275 Ø21.5 R16 ET-15;RAL9005;Finished;120;120;119;119;1;82,82
17.1.2025;G-LINE;WO068221;SO025602;614052;KENDA GB Rugeley Ltd;WB 9.00x15.3 H2 6/161/205 Ø20 R16 ET-45;RAL1028;Released;336;336;334;334;2;80,3
17.1.2025;G-LINE;WO068225;SO025602;676517;KENDA GB Rugeley Ltd;WB 9.00x15.3 H2 6/161/205 Ø21.5 R16 ET23;RAL9005;Released;112;112;106;106;6;237,18
22.1.2025;B-LINE;WO069155;SO025932;540221;KENDA Polska Sp. z.o.o.;WI EK 4.50Ix9 H2 35x66/78;RAL9006;Released;300;300;108;108;192;2768,64
23.1.2025;A-LINE;WO068229;SO025602;275307;KENDA GB Rugeley Ltd;WI GO 2.50Ax8 25,6x66;RAL3002;Released;405;405;378;378;27;123,93
23.1.2025;E-LINE;WO069520;SO026067;613444;KENDA GB Rugeley Ltd;WB 6.00Ix10 H2 4/67/101.6 Ø12.5 R11 ET-3;RAL9003;Finished;96;96;96;95;1;15,93
24.1.2025;COMPONENT;WO074201;SO026358;494999;GRASDORF GmbH;DU Hookspindle  HD/AW 575mm;;Firm Planned;30;0;0;0;30;490,5
24.1.2025;F-LINE;WO070126;SO026275;158129;KENDA Deutschland GmbH;WB W9x18 H2 6/161/205 Ø21.5 R16 ET-12;RAL2004;Finished;100;100;100;98;2;173,76
31.1.2025;-;(blank);SO026413;559278;Evolution S.r.l.;DU Clamp ring 30-45;;(blank);2;0;0;0;2;60
31.1.2025;COMPONENT;(blank);SO026413;580364;Evolution S.r.l.;DU Equalizing Disc  Angled 50°;;(blank);30;0;0;0;30;203,4
31.1.2025;G-LINE;WO069914;SO026201;429038;KENDA GB Rugeley Ltd;WB 9.00x15.3 H2 6/161/205 Ø21.5 R16 ET20;RAL9005 (CP1013);Released;112;112;110;110;2;81,02
31.1.2025;G-LINE;WO071043;SO026541;675350;KENDA Schweiz AG;WB 6Jx13 H2 6/130/180 Ø16.5 R14 ET109;;Released;4;4;0;0;4;200,68
7.2.2025;B-LINE;WO069911;SO026201;274546;KENDA GB Rugeley Ltd;WB 3.50Bx10 H2 4/67/101.6 Ø11.5 C90 ET0;RAL9006;Released;540;540;531;531;9;76,23
7.2.2025;D-LINE;WO070200;SO026296;559537;KENDA Deutschland GmbH;WB 16.00x17 H2 6/161/205 Ø21.5 R16 ET0 RFH;RAL9006;Finished;50;50;50;40;10;966,3
7.2.2025;E-LINE;WO069896;SO026201;100630;KENDA GB Rugeley Ltd;WB 5.50Ix8 H2 4/67/101.6 Ø12.5 C60 ET0;RAL9006;Finished;50;50;50;49;1;14,06
7.2.2025;GS-SOK;WO071092;SO026562;108131;KENDA Schweiz AG;DU Wheel SOK2 9.00x15.3/15.3-108,0  DTS   99VSM;;Released;2;2;0;0;2;197,6
28.2.2025;A-LINE;WO069818;SO026191;275321;KENDA België NV;WI GO 2.50Ax8 30,2x71;RAL3000;Released;615;615;608;608;7;20,65
28.2.2025;C-LINE;WO071386;SO026680;111537;KENDA Polska Sp. z.o.o.;WI GPL 5.50Ax8 H2 19,1x89,5;;Released;50;0;40;40;10;0
28.2.2025;COMPONENT;WO071407;SO026692;447919;Franz Trinker Räderproduktion GmbH;DU Headspindle  MD/SOK 805mm;;Firm Planned;20;0;0;0;20;406,9
5.3.2025;B-LINE;WO070521;SO026388;540221;KENDA Polska Sp. z.o.o.;WI EK 4.50Ix9 H2 35x66/78;RAL9006;Released;300;300;180;180;120;1730,4
7.3.2025;A-LINE;WO069984;SO026228;103662;KENDA GB Rugeley Ltd;WI GK 2.50Ax4 41,3/25x75;RAL9006;Released;10;10;9;9;1;5,5
7.3.2025;COMPONENT;WO072203;SO026756;494999;Forrim bv;DU Hookspindle  HD/AW 575mm;;Firm Planned;100;0;0;0;100;2125,5
7.3.2025;COMPONENT;WO072207;SO026756;408019;Forrim bv;DU Handle bar  HD   536mm;;Firm Planned;50;0;0;0;50;565,5
7.3.2025;COMPONENT;WO073117;SO026757;631677;SOMAC;DU Capnut Kit HD+;;Firm Planned;300;0;0;0;300;4608
7.3.2025;COMPONENT;WO073119;SO026757;604367;SOMAC;DU Headspindle  HD/AW 565mm;;Firm Planned;300;0;0;0;300;5004
7.3.2025;COMPONENT;WO073120;SO026757;494999;SOMAC;DU Hookspindle  HD/AW 575mm;;Firm Planned;50;0;0;0;50;981
7.3.2025;G-LINE;WO071094;SO026564;381732;KENDA GB Rugeley Ltd;WB 6Jx16 H2 6/161/205 Ø21.5 R16 ET0;RAL9006;Released;110;110;109;109;1;37,72
12.3.2025;COMPONENT;WO072173;SO026968;728216;Bohnenkamp SIA;DU Fixation Set HD+6 M22x2.5x96;;Firm Planned;10;0;0;0;10;6454,8
12.3.2025;COMPONENT;WO072174;SO026968;161563;Bohnenkamp SIA;DU Fixation Set MD+6 M18x1.5x95;;Finished;10;0;0;0;10;3904,2
14.3.2025;A-LINE;WO071003;SO026523;493442;KENDA GB Rugeley Ltd;WI GO 2.50Ax8 35,3x63,5;RAL9005 (CP1013);Released;405;405;393;393;12;55,08
14.3.2025;COMPONENT;WO071725;SO026814;623955;KENDA Schweiz AG;DU Support bridge AW 8@203.2/ 22 C90 H0 Blue;;Released;6;0;0;0;6;107,52
14.3.2025;ROLL LINE;WO072180;SO026970;115481;KENDA Europe A/S;WB 9.00x15.3 H2 5/94/140 Ø18.5 R14 ET-35;;Released;2;0;0;0;2;0
14.3.2025;ROLL LINE;WO072181;SO026970;165264;KENDA Europe A/S;WB 9.00x15.3 H2 5/94/140 Ø18.5 R14 ET-35;;Released;2;0;0;0;2;0
20.3.2025;F-LINE;WO071107;SO026567;143729;KENDA Deutschland GmbH;WB 13.00x17 H2 10/93/140 Ø15 ET-39 Silver RAL9006;RAL9006;Finished;115;95;95;95;20;1354
21.3.2025;A-LINE;WO072158;SO026961;200750;KENDA Deutschland GmbH;WI GR 2.50Ax8 25x90/86;;Released;1;0;0;0;1;6,39
21.3.2025;COMPONENT;WO071741;SO026827;470481;GRASDORF KOLA POLSKA Sp. z.o.o.;DU Hookspindle  HD/AW 845mm;;Firm Planned;20;0;0;0;20;381
21.3.2025;D-LINE;WO071360;SO026674;275963;KENDA GB Rugeley Ltd;WB AG16.00x22.5 H2 8/221/275 Ø21.5 R16 ET-12;;Released;40;0;0;0;40;5332,8
26.3.2025;C-LINE;WO070146;SO026277;316215;BOHNENKAMP SE;WI GK 4.50Ax6 H2 25x90;RAL9006;Released;200;200;165;165;35;404,6
27.3.2025;GS-DUAL;WO071464;SO026714;574523;KENDA Schweiz AG;WB 2.50Ax8 H2 4/70/100 Ø10.5 ET-12.5 RFD;;Released;50;0;40;40;10;168,4
28.3.2025;C-LINE;WO071357;SO026674;274515;KENDA GB Rugeley Ltd;WB 2.50Ax8 H2 4/67/101.6 Ø11.5 C90 ET0;RAL9006;Released;702;702;583;583;119;520,03
28.3.2025;COMPONENT;WO072469;SO027066;495583;BOHNENKAMP s.r.o.;DU Fixation Set MD+6 M16x1.5x95;;Firm Planned;2;0;0;0;2;780,84
28.3.2025;F-LINE;WO071368;SO026674;614564;KENDA GB Rugeley Ltd;WB W13x20 H2 8/221/275 Ø21.5 R16 ET-15;RAL9005;Finished;144;144;144;142;2;165,64
31.3.2025;COMPONENT;WO072087;SO026460;494999;BOHNENKAMP A/S;DU Hookspindle  HD/AW 575mm;;Firm Planned;10;0;0;8;2;29,43
1.4.2025;B-LINE;WO071222;SO026610;441016;KENDA Polska Sp. z.o.o.;WI EK 5.50Ax8 H2 25x85/95;RAL9006;Released;800;800;735;735;65;696,15
1.4.2025;B-LINE;WO070858;SO026495;592831;KENDA Polska Sp. z.o.o.;WI GPL 5.50Ax8 H2 25,4x89,5 TL Silver RAL9006;RAL9006;Finished;525;525;525;519;6;63,66
4.4.2025;COMPONENT;WO072070;SO026862;494999;BOHNENKAMP A/S;DU Hookspindle  HD/AW 575mm;;Released;12;0;0;0;12;176,58
4.4.2025;ROLL LINE;WO071999;SO026733;112084;KENDA Deutschland GmbH;WB 10.50Ix12 H2 10/93/140 Ø15 - ET-50 Silver;;Released;300;0;0;0;300;8334
8.4.2025;C-LINE;WO070444;SO026357;274522;KENDA GB Rugeley Ltd;WB 2.50Ax8 H2 4/85/115 Ø12.5 C90 ET0;RAL9006;Finished;553;553;553;477;76;406,6
8.4.2025;D-LINE;WO069913;SO026201;275963;KENDA GB Rugeley Ltd;WB AG16.00x22.5 H2 8/221/275 Ø21.5 R16 ET-12;;Released;80;0;77;77;3;399,96
10.4.2025;F-LINE;WO071533;SO026731;557885;KENDA Deutschland GmbH;WB 16.00x17 H2 8/221/275 Ø21.5 R16 ET0;RAL9006;Finished;100;100;100;80;20;1204
12.4.2025;B-LINE;WO071565;SO026734;375106;KENDA Deutschland GmbH;WB 7.00Ax8 H2 4/60/100 Ø14.5 C60 ET0;RAL9023;Finished;200;200;200;195;5;75,9
16.4.2025;G-LINE;(blank);SO022279;744681;AGROMEHANIKA;WB 13LBx15 H2 8/80/135 Ø17 ET36;;(blank);120;0;0;63;57;4068,66
17.4.2025;B-LINE;WO071223;SO026611;385310;KENDA Polska Sp. z.o.o.;WI EK 7.00Ax8 H2 30x92/102;RAL9006;Released;200;200;136;136;64;1081,6
17.4.2025;B-LINE;WO069147;SO025924;441016;KENDA Polska Sp. z.o.o.;WI EK 5.50Ax8 H2 25x85/95;RAL9006;Finished;500;500;500;498;2;21,42
18.4.2025;COMPONENT;WO072162;SO026962;495583;BOHNENKAMP A/S;DU Fixation Set MD+6 M16x1.5x95;;Firm Planned;6;0;0;0;6;2342,52
18.4.2025;GS-MTM;WO069865;SO026199;613987;KENDA GB Rugeley Ltd;WB AG16.00x22.5 H2 5/290/335 Ø21.5 R22.4 ET-20;RAL1028;Finished;80;80;76;76;4;555,4
23.4.2025;MTM-SBM;WO072036;SO026916;672281;KENDA Deutschland GmbH;WI EK 7.00Ix8 H2 30x92/102;;Released;200;0;186;186;14;355,32
24.4.2025;B-LINE;WO070793;SO026480;616711;KENDA Polska Sp. z.o.o.;WI GK 5.50Ax8 H2 20x89,5 TL Silver RAL9006;RAL9006;Released;420;420;304;304;116;1817,72
25.4.2025;GS-LINE;WO072367;SO027036;165776;BOHNENKAMP A/S;DU Wheel MD/HD DWW16Lx46/42K-340,0  DTS   300VSM;;Released;2;0;0;0;2;1174,5
26.4.2025;B-LINE;WO070260;SO026309;294384;KENDA Polska Sp. z.o.o.;WB 5.50Ax8 H2 4/60/100 Ø14.5 C60 ET0;RAL9006;Released;210;210;187;187;23;205,16
28.4.2025;C-LINE;WO071584;SO026735;274515;KENDA GB Rugeley Ltd;WB 2.50Ax8 H2 4/67/101.6 Ø11.5 C90 ET0;RAL9006;Released;702;702;644;644;58;253,46
28.4.2025;G-LINE;WO071588;SO026735;429038;KENDA GB Rugeley Ltd;WB 9.00x15.3 H2 6/161/205 Ø21.5 R16 ET20;RAL9005 (CP1013);Released;56;56;27;27;29;1174,79
30.4.2025;COMPONENT;(blank);SO027165;470504;Evolution S.r.l.;DU Headspindle  HD/AW 950mm;;(blank);60;0;0;50;10;190,8
2.5.2025;COMPONENT;WO071856;SO026863;495583;BOHNENKAMP A/S;DU Fixation Set MD+6 M16x1.5x95;;Firm Planned;20;0;0;0;20;7808,4
2.5.2025;COMPONENT;WO071888;SO026873;470481;BOHNENKAMP A/S;DU Hookspindle  HD/AW 845mm;;Firm Planned;12;0;0;0;12;205,74
2.5.2025;COMPONENT;WO072609;SO027134;669489;KENDA Schweiz AG;DU Support bridge AW 8@275/ 22 C90 H100 Red;;Released;2;0;0;0;2;54,8
2.5.2025;COMPONENT;WO072666;SO027162;495958;BOHNENKAMP s.r.o.;DU Fixation Set HD+4 M18x1.5x95;;Firm Planned;2;0;0;0;2;849,78
2.5.2025;COMPONENT;WO072684;SO027165;495552;Evolution S.r.l.;DU Fixation Set MD+3 M16x1.5x95;;Firm Planned;2;0;0;0;2;581,04
2.5.2025;COMPONENT;WO072685;SO027165;631660;Evolution S.r.l.;DU Capnut Kit HD+;;Firm Planned;60;0;0;0;60;921,6
2.5.2025;COMPONENT;WO072686;SO027165;604350;Evolution S.r.l.;DU Hookspindle  HD/AW 575mm;;Firm Planned;30;0;0;0;30;588,6
2.5.2025;COMPONENT;WO072687;SO027165;470481;Evolution S.r.l.;DU Hookspindle  HD/AW 845mm;;Firm Planned;50;0;0;0;50;1143
2.5.2025;COMPONENT;WO072688;SO027165;604374;Evolution S.r.l.;DU Hookspindle  HD/AW 845mm;;Firm Planned;30;0;0;0;30;685,8
2.5.2025;COMPONENT;WO072691;SO027165;680965;Evolution S.r.l.;DU Ringnut Kit MD;;Firm Planned;100;0;0;0;100;1362
2.5.2025;COMPONENT;WO072693;SO027165;684826;Evolution S.r.l.;DU Support bridge AW 4@120/ 20 C90 H0 Blue;;Released;2;0;0;0;2;53,76
2.5.2025;COMPONENT;WO072694;SO027165;684833;Evolution S.r.l.;DU Support bridge AW 4@120/ 20 C90 H0 Red;;Released;2;0;0;0;2;53,76
2.5.2025;COMPONENT;WO072695;SO027165;623504;Evolution S.r.l.;DU Support bridge AW 6@205/ 22 C90 H0 Blue;;Released;4;0;0;0;4;102,24
2.5.2025;COMPONENT;WO072696;SO027165;692357;Evolution S.r.l.;DU Support bridge AW 6@325/ 22 C90 H80 Blue;;Released;2;0;0;0;2;75,12
2.5.2025;COMPONENT;WO072697;SO027165;692364;Evolution S.r.l.;DU Support bridge AW 6@325/ 22 C90 H80 Red;;Released;2;0;0;0;2;75,12
2.5.2025;COMPONENT;WO072698;SO027165;626437;Evolution S.r.l.;DU Support bridge AW 8@152.4/ 20 C90 H0 Red;;Released;6;0;0;0;6;168,84
2.5.2025;COMPONENT;WO072699;SO027165;650494;Evolution S.r.l.;DU Support bridge AW 8@203.2/ 16 H0 Blue;;Released;4;0;0;0;4;107,52
2.5.2025;COMPONENT;WO072700;SO027165;650500;Evolution S.r.l.;DU Support bridge AW 8@203.2/ 16 H0 Red;;Released;4;0;0;0;4;107,52
2.5.2025;COMPONENT;WO072701;SO027165;690445;Evolution S.r.l.;DU Support bridge AW 8@203.2/ 19 H0 Blue;;Released;2;0;0;0;2;53,76
2.5.2025;COMPONENT;WO072702;SO027165;690452;Evolution S.r.l.;DU Support bridge AW 8@203.2/ 19 H0 Red;;Released;2;0;0;0;2;53,76
2.5.2025;COMPONENT;WO072703;SO027165;612409;Evolution S.r.l.;DU Support bridge AW 8@275/ 22 C90 H0 Red;;Released;2;0;0;0;2;53,76
2.5.2025;COMPONENT;WO072704;SO027165;612430;Evolution S.r.l.;DU Support bridge AW 8@275/ 22 C90 H0 Blue;;Released;2;0;0;0;2;53,76
2.5.2025;COMPONENT;WO072705;SO027165;651118;Evolution S.r.l.;DU Support bridge AW 8@285/ 22 C90 H50 Blue;;Released;2;0;0;0;2;75,12
2.5.2025;COMPONENT;WO072706;SO027165;651125;Evolution S.r.l.;DU Support bridge AW 8@285/ 22 C90 H50 Red;;Released;2;0;0;0;2;75,12
2.5.2025;COMPONENT;WO073599;SO027165;408019;Evolution S.r.l.;DU Handle bar  HD   536mm;;Released;20;0;0;0;20;208,8
2.5.2025;COMPONENT;WO073602;SO027165;494999;Evolution S.r.l.;DU Hookspindle  HD/AW 575mm;;Released;50;0;0;0;50;981
2.5.2025;COMPONENT;WO073605;SO027165;447902;Evolution S.r.l.;DU Headspindle  MD/SOK 550mm;;Released;180;0;0;0;180;2624,4
2.5.2025;COMPONENT;WO073606;SO027165;631592;Evolution S.r.l.;DU Capnut Kit MD+;;Released;200;0;0;0;200;2856
2.5.2025;COMPONENT;WO073607;SO027165;502687;Evolution S.r.l.;DU Clamp AW 320 Blue;;Released;10;0;0;0;10;482,4
2.5.2025;COMPONENT;WO073608;SO027165;502724;Evolution S.r.l.;DU Clamp AW 450 Blue;;Released;10;0;0;0;10;517,8
2.5.2025;COMPONENT;WO073609;SO027165;502731;Evolution S.r.l.;DU Clamp AW 450 Silver;;Released;10;0;0;0;10;517,8
2.5.2025;COMPONENT;(blank);SO027142;494616;KENDA Schweiz AG;DU Ringnut MD;;(blank);10;0;0;0;10;60
2.5.2025;GS-SOK;WO072605;SO027132;714752;KENDA Schweiz AG;DU Wheel SOK3 W8x16/17-160,0;;Released;2;2;0;0;2;181,6
2.5.2025;ROLLING-LINE;WO072682;SO027164;560335;Evolution S.r.l.;DU Spacer Emc2 46K-335;0;Finished;2;2;2;0;2;622,8
8.5.2025;B-LINE;WO071203;SO026591;508337;KENDA Polska Sp. z.o.o.;WI EK 4.00Ex9 35x66/78;BIANCO AZZURRATO;Released;150;150;141;141;9;136,8
9.5.2025;COMPONENT;WO072427;SO027051;623474;GRASDORF GmbH;DU Support bridge AW 8@203.2/ 22 C90 H0 Red;;Released;2;0;0;0;2;44,8
9.5.2025;COMPONENT;WO072842;SO027192;582443;KENDA Schweiz AG;DU GSL kit     (see drawing+BOM);;Firm Planned;50;0;0;0;50;1925
9.5.2025;COMPONENT;WO072846;SO027192;654287;KENDA Schweiz AG;DU Headspindle  MD/SOK 270mm;;Firm Planned;150;0;0;0;150;1146
9.5.2025;COMPONENT;WO072848;SO027192;644707;KENDA Schweiz AG;DU Capnut SOK+;;Firm Planned;12;0;0;0;12;272,64
9.5.2025;COMPONENT;WO072845;SO027192;447902;KENDA Schweiz AG;DU Headspindle  MD/SOK 550mm;;Finished;1000;0;1000;0;1000;9720
9.5.2025;COMPONENT;(blank);SO027178;470504;SODIJANTES INDUSTRIE SAS;DU Headspindle  HD/AW 950mm;;(blank);200;0;0;0;200;3816
9.5.2025;COMPONENT;(blank);SO027178;481920;SODIJANTES INDUSTRIE SAS;DU Clamp HD;;(blank);400;0;0;0;400;12240
9.5.2025;COMPONENT;(blank);SO027223;502687;Forrim bv;DU Clamp AW 320 Blue;;(blank);4;0;0;0;4;192,96
9.5.2025;E-LINE;WO072823;SO027181;280257;KENDA Schweiz AG;WB 5.50Bx8 H2 4/60/100 Ø15 C105 ET22;;Released;20;20;0;0;20;858,4
10.5.2025;ROLL LINE;WO072000;SO026733;112091;KENDA Deutschland GmbH;WB 7.00Ix12 H2 5/93/140 Ø15 ET-10 Silver RAL9006;RAL9006;Released;600;303;229;229;371;8718,5
12.5.2025;G-LINE;WO071587;SO026735;429038;KENDA GB Rugeley Ltd;WB 9.00x15.3 H2 6/161/205 Ø21.5 R16 ET20;RAL9005 (CP1013);Released;224;224;221;220;4;168,52
12.5.2025;G-LINE;WO071586;SO026735;429038;KENDA GB Rugeley Ltd;WB 9.00x15.3 H2 6/161/205 Ø21.5 R16 ET20;RAL9005 (CP1013);Finished;224;224;224;221;3;126,39
12.5.2025;GS-LINE;WO073179;SO027269;654324;KENDA Schweiz AG;DU Wheel MD/HD W8x40/30K-300,0   160VSM;;Released;4;0;0;2;2;506,4
16.5.2025;COMPONENT;WO073054;SO027234;610498;KENDA Schweiz AG;DU Capnut SOK+;;Released;200;0;0;0;200;2232
16.5.2025;COMPONENT;WO073055;SO027234;610313;KENDA Schweiz AG;DU Capnut SOK+;;Firm Planned;50;0;0;0;50;184
16.5.2025;COMPONENT;WO073056;SO027234;577272;KENDA Schweiz AG;DU Capnut SOK+;;Firm Planned;50;0;0;0;50;622
16.5.2025;COMPONENT;WO073521;SO027195;644707;KENDA Schweiz AG;DU Capnut SOK+;;Released;20;0;0;0;20;454,4
16.5.2025;COMPONENT;WO073523;SO027195;610214;KENDA Schweiz AG;DU Headspindle  MD/SOK 320mm;;Firm Planned;100;0;0;0;100;776
16.5.2025;ROLLING-LINE;WO072737;SO027171;672588;Grasdorf Rad  GmbH;DU Spacer Emc2 46-335;UNPAINTED;Finished;10;10;10;0;10;2595
19.5.2025;E-LINE;WO071667;SO026775;139623;KENDA Polska Sp. z.o.o.;WB 10.50Ix12 H2 5/94/140 Ø18.5 R14 ET0;RAL9006;Released;80;80;79;74;6;200,7
22.5.2025;MTM-SBM;WO072413;SO027048;672281;KENDA Deutschland GmbH;WI EK 7.00Ix8 H2 30x92/102;;Finished;151;0;0;150;1;26,65
23.5.2025;A-LINE;WO072126;SO026948;275307;KENDA GB Rugeley Ltd;WI GO 2.50Ax8 25,6x66;;Released;405;0;0;0;405;1858,95
23.5.2025;COMPONENT;WO073431;SO027357;610238;KENDA Schweiz AG;DU Ringnut SOK;;Released;150;0;0;0;150;3054
23.5.2025;D-LINE;WO072479;SO027075;329031;KENDA Polska Sp. z.o.o.;WB AG16.00x22.5 H2 10/281/335 Ø27 R18 ET0;;Released;10;0;0;0;10;1323,2
23.5.2025;G-LINE;WO069916;SO026201;494708;KENDA GB Rugeley Ltd;WB 9.00x15.3 H2 5/94/140 Ø18.5 R14 ET-35;RAL9005 (CP1013);Released;112;112;111;111;1;42,13
23.5.2025;G-LINE;WO071365;SO026674;494708;KENDA GB Rugeley Ltd;WB 9.00x15.3 H2 5/94/140 Ø18.5 R14 ET-35;RAL9005 (CP1013);Released;112;112;111;85;27;1137,51
23.5.2025;G-LINE;WO073146;SO027264;519357;KENDA Europe A/S;WB 12LBx15 H2 10/93/140 Ø15 ET-70;;Released;2;0;0;0;2;419,66
26.5.2025;G-LINE;WO071807;SO026849;738437;KENDA Schweiz AG;WB 6.5Jx16 H2 5/94/140 Ø18.5 R14 ET88;RAL9006;Released;88;88;16;16;72;3640,32
28.5.2025;B-LINE;WO071901;SO026877;471174;KENDA Polska Sp. z.o.o.;WI GPL 4.375Ax8 H2 19,1x89,5 TL Silver RAL9006;RAL9006;Finished;600;501;501;599;1;7,17
29.5.2025;B-LINE;WO071757;SO026835;294414;KENDA België NV;WB 7.00Ax8 H2 4/60/100 Ø14.5 C60 ET0;;Released;50;50;0;0;50;749,5
29.5.2025;E-LINE;WO072135;SO026948;713540;KENDA GB Rugeley Ltd;WB 7.00Bx8 H2 4/70/100 Ø13 ET-24;KUBOTA ORANGE;Released;60;60;50;50;10;181,7
29.5.2025;F-LINE;WO071366;SO026674;614564;KENDA GB Rugeley Ltd;WB W13x20 H2 8/221/275 Ø21.5 R16 ET-15;RAL9005;Released;120;120;117;117;3;258,39
29.5.2025;GS-SOK;WO073274;SO027291;629162;KENDA Schweiz AG;DU Wheel SOK2 9.00x15.3/15-130,0  DTS   121VSM;;Released;3;3;0;0;3;302,4
29.5.2025;MTM-SBM;WO073295;SO027301;679211;ZIEHL-ABEGG Automotive GmbH & Co.;WB 8.25x22.5 H 12/375/425 Ø21 ET117;;Released;32;0;0;0;32;9971,2
4.6.2025;F-LINE;WO072416;SO027049;143897;KENDA Deutschland GmbH;WB 13.00x17 H2 6/161/205 Ø21.5 R16.0 ET0 VG;RAL9006;Finished;211;211;211;196;15;900,75
4.6.2025;G-LINE;WO072412;SO027048;672120;KENDA Deutschland GmbH;WB 11LBx16 H2 6/161/205 Ø21.5 R16 ET-20;RAL9006;Finished;50;50;50;49;1;58,62
6.6.2025;D-LINE;WO072443;SO027057;141282;KENDA Deutschland GmbH;WB AG16.00x22.5 H2 8/221/275 Ø27 R18 ET0 RFH;;Released;40;0;0;0;40;5147,2
6.6.2025;E-LINE;WO072802;SO027179;713540;KENDA GB Rugeley Ltd;WB 7.00Bx8 H2 4/70/100 Ø13 ET-24;;Released;50;50;0;0;50;873,5
7.6.2025;E-LINE;WO072887;SO027199;422107;KENDA Deutschland GmbH;WB 10.50Ix12 H2 6/80/120 Ø16 R12 ET-50;RAL9006;Finished;35;35;35;30;5;145,4
7.6.2025;F-LINE;WO071866;SO026865;557885;KENDA Deutschland GmbH;WB 16.00x17 H2 8/221/275 Ø21.5 R16 ET0;RAL9006;Released;50;50;49;49;1;62,61
7.6.2025;G-LINE;WO073043;SO027232;688909;KENDA Deutschland GmbH;WB 6Jx16 H2 6/161/205 Ø20 R14 ET0;RAL9006;Released;100;100;99;99;1;42,99
11.6.2025;A-LINE;WO072105;SO026941;367545;KENDA Deutschland GmbH;WI GK 2.50Ax8 14,2x96/89,8;RAL9006;Released;500;500;297;297;203;885,08
11.6.2025;B-LINE;WO069251;SO025971;294384;KENDA Polska Sp. z.o.o.;WB 5.50Ax8 H2 4/60/100 Ø14.5 C60 ET0;RAL9006;Released;200;200;183;183;17;159,29
11.6.2025;ROLL LINE;WO071998;SO026568;112084;KENDA Deutschland GmbH;WB 10.50Ix12 H2 10/93/140 Ø15 - ET-50 Silver;RAL9006;Finished;600;600;599;599;1;27,78
13.6.2025;A-LINE;WO072879;SO027198;542218;KENDA Deutschland GmbH;WI GK 6.00-4 25x179 RFD;;Released;152;0;0;0;152;3679,92
13.6.2025;A-LINE;WO072913;SO027201;275116;KENDA Deutschland GmbH;WI GR 2.50Ax6 20x113/107;;Released;200;0;0;0;200;1174
13.6.2025;B-LINE;WO072739;SO027173;100869;KENDA Deutschland GmbH;WI EK 5.50Ax8 H2 25x89/100 TL Red (Fendt Terra;;Released;400;0;0;0;400;4012
13.6.2025;B-LINE;WO072745;SO027173;581798;KENDA Deutschland GmbH;WI EK 5.50Ax8 H2 25x89/100 TL Silver RAL9006 6205;;Released;160;0;0;0;160;1572,8
13.6.2025;C-LINE;WO072749;SO027173;161594;KENDA Deutschland GmbH;WI GK 7.00Ix8 H2 25x64/73 TL Orange RAL2002 6205;;Released;500;225;0;0;500;6400
13.6.2025;C-LINE;WO072811;SO027179;274515;KENDA GB Rugeley Ltd;WB 2.50Ax8 H2 4/67/101.6 Ø11.5 C90 ET0;;Finished;702;0;702;0;702;3067,74
13.6.2025;COMPONENT;WO072837;SO027189;610214;KENDA Schweiz AG;DU Headspindle  MD/SOK 320mm;;Firm Planned;100;0;0;0;100;776
13.6.2025;COMPONENT;WO072838;SO027189;610498;KENDA Schweiz AG;DU Capnut SOK+;;Firm Planned;100;0;0;0;100;1116
13.6.2025;COMPONENT;WO072963;SO027209;575667;KENDA Schweiz AG;DU Hookspindle  MD/SOK 270mm;;Firm Planned;250;0;0;0;250;2310
13.6.2025;COMPONENT;WO073058;SO027235;610498;KENDA Schweiz AG;DU Capnut SOK+;;Released;200;0;150;0;200;2232
13.6.2025;COMPONENT;WO073059;SO027235;610313;KENDA Schweiz AG;DU Capnut SOK+;;Released;50;0;0;0;50;184
13.6.2025;COMPONENT;WO073060;SO027235;610351;KENDA Schweiz AG;DU Capnut SOK+;;Released;50;0;0;0;50;662
13.6.2025;COMPONENT;WO073061;SO027235;577272;KENDA Schweiz AG;DU Capnut SOK+;;Finished;50;0;50;0;50;622
13.6.2025;COMPONENT;WO073057;SO027235;606538;KENDA Schweiz AG;DU Ringnut SOK;;Finished;100;0;100;0;100;1116
13.6.2025;COMPONENT;(blank);SO027189;494104;KENDA Schweiz AG;DU Capnut MD+;;(blank);500;0;0;0;500;3206
13.6.2025;COMPONENT;(blank);SO027209;494999;KENDA Schweiz AG;DU Hookspindle  HD/AW 575mm;;(blank);50;0;0;0;50;654
13.6.2025;COMPONENT;(blank);SO027209;449241;KENDA Schweiz AG;DU Hookspindle  MD/SOK 415mm;;(blank);20;0;0;0;20;192
13.6.2025;COMPONENT;(blank);SO027235;494623;KENDA Schweiz AG;DU Ringnut SOK;;(blank);50;0;0;0;50;326
13.6.2025;COMPONENT;(blank);SO027293;494623;KENDA Schweiz AG;DU Ringnut SOK;;(blank);400;0;0;0;400;2608
13.6.2025;D-LINE;WO072357;SO027035;719719;KENDA Deutschland GmbH;WB AG24.00x22.5 H2 8/221/275 Ø27 R18 ET-50;;Released;40;0;0;0;40;6089,2
13.6.2025;D-LINE;WO072480;SO027076;329031;KENDA Polska Sp. z.o.o.;WB AG16.00x22.5 H2 10/281/335 Ø27 R18 ET0;;Released;10;0;0;0;10;1323,2
13.6.2025;E-LINE;WO073438;SO027361;100630;KENDA GB Rugeley Ltd;WB 5.50Ix8 H2 4/67/101.6 Ø12.5 C60 ET0;;Released;50;0;0;0;50;731,5
13.6.2025;F-LINE;WO073451;SO027369;709048;KENDA Deutschland GmbH;WB W14Lx20 H2 6/135.3/170 Ø17 ET-126;;Released;4;0;0;0;4;434,56
13.6.2025;MTM-SBM;WO072440;SO027057;714547;KENDA Deutschland GmbH;WB W12x28 6/135/170 Ø17 ET-36;;Released;6;0;0;0;6;910,32
14.6.2025;B-LINE;WO070528;SO026395;662732;KENDA Polska Sp. z.o.o.;WI EK 5.50Ax8 H2 25x85/95;RAL9006;Released;100;100;68;68;32;375,04
14.6.2025;B-LINE;WO071224;SO026612;385310;KENDA Polska Sp. z.o.o.;WI EK 7.00Ax8 H2 30x92/102;;Released;200;0;195;195;5;88,75
14.6.2025;E-LINE;WO071893;SO026875;436159;KENDA Polska Sp. z.o.o.;WB 7.00Ix10 H2 4/60/100 Ø14.5 C60 ET-7;RAL9006;Released;210;210;207;207;3;71,22
16.6.2025;E-LINE;WO073309;SO027308;273389;BOHNENKAMP A/S;WB 7.00Ix12 H2 4/60/100 Ø14.5 C60 ET-5;RAL9006;Released;50;49;49;49;1;27,44
18.6.2025;B-LINE;WO073264;SO027287;471242;KENDA Polska Sp. z.o.o.;WI GK 5.50Ax8 H2 20x89,5 TL Silver RAL9006 NORMAL;RAL9006;Released;525;525;514;514;11;101,09
20.6.2025;A-LINE;WO072805;SO027179;721330;KENDA GB Rugeley Ltd;WI GO 2.50Ax4 35,3x63,5;;Released;200;0;0;0;200;722
20.6.2025;B-LINE;WO072741;SO027173;375106;KENDA Deutschland GmbH;WB 7.00Ax8 H2 4/60/100 Ø14.5 C60 ET0;;Released;250;0;0;0;250;3795
20.6.2025;C-LINE;WO072750;SO027173;161594;KENDA Deutschland GmbH;WI GK 7.00Ix8 H2 25x64/73 TL Orange RAL2002 6205;;Released;500;0;0;0;500;6400
20.6.2025;D-LINE;WO072757;SO027174;735016;KENDA Deutschland GmbH;WB DW11x24 6/135/170 Ø18.5 ET-76;;Released;4;0;0;0;4;424,84
20.6.2025;D-LINE;WO072946;SO027204;141282;KENDA Deutschland GmbH;WB AG16.00x22.5 H2 8/221/275 Ø27 R18 ET0 RFH;;Released;100;0;0;0;100;12868
20.6.2025;E-LINE;WO072130;SO026948;613444;KENDA GB Rugeley Ltd;WB 6.00Ix10 H2 4/67/101.6 Ø12.5 R11 ET-3;RAL9003;Released;100;100;98;92;8;132,48
20.6.2025;E-LINE;WO072804;SO027179;715711;KENDA GB Rugeley Ltd;WB 7.00Ix8 H2 4/60/100 Ø14.5 C60 ET0;;Released;125;0;0;0;125;1761,25
20.6.2025;E-LINE;WO073024;SO027230;738260;KENDA Deutschland GmbH;WB 6.00Ix10 H2 4/60/101.6 Ø14 C60 ET0;;Released;20;0;0;0;20;993,4
20.6.2025;E-LINE;WO073030;SO027231;605708;KENDA Deutschland GmbH;WB 8.50Ix12 H2 6/80/120 Ø13.5 ET-10;;Released;60;0;0;0;60;1200
20.6.2025;E-LINE;WO073031;SO027231;618241;KENDA Deutschland GmbH;WB 7.00Ix10 H2 4/60/101.6 Ø14.5 C60 ET20;RAL9005;Finished;80;80;80;0;80;2300,8
20.6.2025;G-LINE;WO072131;SO026948;613949;KENDA GB Rugeley Ltd;WB 9.00x15.3 H2 5/93/140 Ø16.5 ET-15;RAL1028;Released;112;112;111;111;1;41,76
20.6.2025;G-LINE;WO072641;SO027151;429038;KENDA GB Rugeley Ltd;WB 9.00x15.3 H2 6/161/205 Ø21.5 R16 ET20;RAL9005 (CP1013);Released;168;168;167;167;1;42,13
20.6.2025;MTM-SBM;WO072762;SO027174;714547;KENDA Deutschland GmbH;WB W12x28 6/135/170 Ø17 ET-36;;Released;4;0;0;0;4;606,88
20.6.2025;MTM-SBM;WO072870;SO027194;672281;KENDA Deutschland GmbH;WI EK 7.00Ix8 H2 30x92/102;;Released;100;0;0;0;100;2538
20.6.2025;ROLL LINE;WO073040;SO027198;164922;KENDA Deutschland GmbH;WB 7.00Ix12 H2 5/93/140 Ø15 ET-10;;Firm Planned;82;0;0;0;82;0
25.6.2025;B-LINE;WO070601;SO026417;739335;KENDA Polska Sp. z.o.o.;WI GPL 5.50Ax8 H2 19,1x89,5 TL Black CP2004;;Released;630;0;0;276;354;2616,06
25.6.2025;B-LINE;WO070603;SO026418;471242;KENDA Polska Sp. z.o.o.;WI GK 5.50Ax8 H2 20x89,5 TL Silver RAL9006 NORMAL;;Released;630;0;608;608;22;202,18
25.6.2025;COMPONENT;(blank);SO027357;494623;KENDA Schweiz AG;DU Ringnut SOK;;(blank);300;0;0;264;36;234,72
25.6.2025;E-LINE;WO071509;SO026724;165103;KENDA Schweiz AG;WB 7.00Ix12 H2 5/67/112 Ø14 ET10;RAL3000;Released;50;50;45;45;5;182,45
25.6.2025;E-LINE;WO071666;SO026774;139623;KENDA Polska Sp. z.o.o.;WB 10.50Ix12 H2 5/94/140 Ø18.5 R14 ET0;RAL9006;Released;60;60;59;59;1;33,45
25.6.2025;F-LINE;WO072503;SO027099;723310;KENDA Polska Sp. z.o.o.;WB 16.00x17 H2 8/221/275 Ø27 R18 ET0;RAL9006;Released;96;96;90;90;6;399,36
25.6.2025;G-LINE;WO072498;SO027094;681306;KENDA Polska Sp. z.o.o.;WB 13LBx15 H2 6/161/205 Ø21.5 R16 ET0;RAL7035;Released;20;20;19;19;1;59,53
26.6.2025;A-LINE;WO072810;SO027179;262826;KENDA GB Rugeley Ltd;WI GO 2.50Ax8 35,3x63,5;;Released;810;0;0;0;810;3717,9
26.6.2025;GS-MTM;WO071019;SO026524;725147;ROSENBAUER INTERNATIONAL AG;WB 18.00/1.5-21 H 10/281/335 Ø26 ET35;RAL9005;Released;40;40;38;38;2;1502,82
27.6.2025;A-LINE;WO073288;SO027300;359946;KENDA Deutschland GmbH;WI GO 2.50Ax8 35x71;;Released;95;0;0;0;95;525,35
27.6.2025;B-LINE;WO072746;SO027173;581798;KENDA Deutschland GmbH;WI EK 5.50Ax8 H2 25x89/100 TL Silver RAL9006 6205;;Released;200;0;0;0;200;1966
27.6.2025;B-LINE;WO072747;SO027173;663838;KENDA Deutschland GmbH;WI GK 3.50Dx8 H2 35x68 TL Silver RAL9006;;Released;10;10;0;0;10;660,7
27.6.2025;C-LINE;WO072751;SO027173;161594;KENDA Deutschland GmbH;WI GK 7.00Ix8 H2 25x64/73 TL Orange RAL2002 6205;;Released;500;0;0;0;500;6400
27.6.2025;C-LINE;WO072972;SO027214;447421;KENDA Deutschland GmbH;WI GK 4.50Ax6 H2 20x145;;Released;6;6;0;0;6;77,76
27.6.2025;C-LINE;WO072973;SO027214;458373;KENDA Deutschland GmbH;WI EK 2.50Ax8 H2 20/25x66/76;;Released;400;0;0;0;400;3560
27.6.2025;D-LINE;WO072856;SO027193;743523;KENDA Deutschland GmbH;WB W11x18 H2 8/221/275 Ø27 R18 ET30;;Released;85;0;0;0;85;6943,65
27.6.2025;D-LINE;WO073374;SO027337;457192;Bohnenkamp Benelux BV;WB DW11x24 6/135.3/170 Ø17 ET-51;;Released;10;0;0;0;10;2895,6
27.6.2025;D-LINE;WO073399;SO027341;662923;KENDA Deutschland GmbH;WB AG16.00x22.5 H2 6/161/205 Ø21.5 R16 ET10;;Released;10;0;0;0;10;2474,5
27.6.2025;E-LINE;WO073022;SO027230;709154;KENDA Deutschland GmbH;WB 5Jx12 H2 6/90/120 Ø14 ET28;;Released;26;26;0;0;26;789,88
27.6.2025;E-LINE;WO073033;SO027231;662633;KENDA Deutschland GmbH;WB 5Jx12 H2 5/67/112 Ø18.5 R14 ET20;;Released;50;50;0;0;50;1710,5
27.6.2025;E-LINE;WO073371;SO027337;648132;Bohnenkamp Benelux BV;WB 7.00Ix12 H2 6/90/120 Ø13 ET20;;Released;10;10;0;0;10;662,5
27.6.2025;E-LINE;WO073400;SO027341;336961;KENDA Deutschland GmbH;WB 5.50Ix12 H2 6/161/205 Ø21.5 R16 ET10;;Released;4;0;0;0;4;230,12
27.6.2025;E-LINE;WO073500;SO027404;596976;KENDA Schweiz AG;WB 7.00Ix12 H2 4/85/125 Ø14 ET-61;;Released;55;0;0;0;55;1188
27.6.2025;E-LINE;WO073623;SO027437;436159;KENDA Polska Sp. z.o.o.;WB 7.00Ix10 H2 4/60/100 Ø14.5 C60 ET-7;;Released;210;0;0;0;210;4985,4
27.6.2025;F-LINE;WO072884;SO027198;586977;KENDA Deutschland GmbH;WB 13.00x17 H2 6/161/205 Ø21.5 R16 ET0;;Released;10;0;0;0;10;589,4
27.6.2025;F-LINE;WO072947;SO027204;141299;KENDA Deutschland GmbH;WB 16.00x17 H2 8/221/275 Ø27 R18 ET-50 RFH;;Released;50;0;0;0;50;4831,5
27.6.2025;G-LINE;WO072798;SO027179;614052;KENDA GB Rugeley Ltd;WB 9.00x15.3 H2 6/161/205 Ø20 R16 ET-45;RAL1028;Released;224;224;223;223;1;41,76
27.6.2025;G-LINE;WO072940;SO027204;108179;KENDA Deutschland GmbH;WB 7Jx16 H2 6/161/205 Ø18.5 ET83;;Released;64;0;0;0;64;3767,68
27.6.2025;GS-SOK;WO073476;SO027385;118338;KENDA Schweiz AG;DU Wheel SOK2 4.25x12-200,0   162VSM;;Released;1;1;0;0;1;90
27.6.2025;GS-SOK;WO073479;SO027386;677095;KENDA Schweiz AG;DU Wheel SOK3 5.50Fx18-200,0   155VSM;;Released;2;2;0;0;2;214,4
27.6.2025;ROLLING-LINE;WO073356;SO027332;494944;Grasdorf Rad  GmbH;DU Spacer Emc2 42K-335;0;Released;10;10;10;0;10;2275
27.6.2025;ROLLING-LINE;WO073364;SO027334;696553;Grasdorf Rad  GmbH;DU Spacer Emc2 44K-385 V68;;Released;10;0;0;0;10;2640
28.6.2025;B-LINE;WO072539;SO027111;294407;BOHNENKAMP SE;WI EK 7.00Ax8 H2 30x107/127;RAL9006;Released;100;100;95;95;5;97,45
28.6.2025;E-LINE;WO072916;SO027201;276403;KENDA Deutschland GmbH;WB 10.50Ix12 H2 4/85/130 Ø18.5 R14 ET-27;RAL9006;Released;230;230;229;229;1;21,27
28.6.2025;F-LINE;WO072542;SO027111;681344;BOHNENKAMP SE;WB W9x18 H2 5/108/139.5 Ø17.5 ET-13;RAL9006;Released;100;99;99;99;1;53,37
30.6.2025;A-LINE;WO072793;SO027179;493442;KENDA GB Rugeley Ltd;WI GO 2.50Ax8 35,3x63,5;RAL9005 (CP1013);Released;405;250;250;250;155;747,1
30.6.2025;D-LINE;WO072138;SO026948;275963;KENDA GB Rugeley Ltd;WB AG16.00x22.5 H2 8/221/275 Ø21.5 R16 ET-12;;Released;280;0;276;276;4;554,6
1.7.2025;D-LINE;WO072091;SO026940;141282;KENDA Deutschland GmbH;WB AG16.00x22.5 H2 8/221/275 Ø27 R18 ET0 RFH;RAL9006;Released;41;41;40;40;1;133,83
2.7.2025;A-LINE;WO070916;SO026503;506364;KENDA Deutschland GmbH;WI GK 2.50Ax8 14,2x96/89,8 TL Silver RAL9006;RAL9006;Released;1500;1500;1309;1309;191;928,26
4.7.2025;A-LINE;WO072910;SO027201;200729;KENDA Deutschland GmbH;WI GR 2.50Ax8 20x120/114;;Released;600;0;0;0;600;3660
4.7.2025;A-LINE;WO072911;SO027201;266817;KENDA Deutschland GmbH;WI ER 2.50Ax6 20x75/69;;Released;50;0;0;0;50;324,5
4.7.2025;A-LINE;WO073078;SO027239;437040;KENDA Deutschland GmbH;WI GK 2.50Ax8 17x120/110;;Released;600;0;0;0;600;5064
4.7.2025;A-LINE;WO073244;SO027281;277226;KENDA GB Rugeley Ltd;WI GO 2.10Ax4 35,3x63,5;;Released;780;0;0;0;780;2558,4
4.7.2025;C-LINE;WO072494;SO027090;647999;KENDA Polska Sp. z.o.o.;WI EK 2.50Ax8 H2 25x77/85;;Released;300;0;0;0;300;1728
4.7.2025;C-LINE;WO072496;SO027092;681283;KENDA Polska Sp. z.o.o.;WI EK 4.50Ax6 H 25x90/98;RAL7035;Released;200;200;187;187;13;133,77
4.7.2025;C-LINE;WO072975;SO027214;718118;KENDA Deutschland GmbH;WB 2.50Ax8 H2 4/60/100 Ø14.5 C60 ET0;;Released;200;0;0;0;200;1196
4.7.2025;D-LINE;WO072881;SO027198;559537;KENDA Deutschland GmbH;WB 16.00x17 H2 6/161/205 Ø21.5 R16 ET0 RFH;;Released;82;0;0;0;82;7923,66
4.7.2025;D-LINE;WO072921;SO027202;149707;KENDA Deutschland GmbH;WB AG20.00x22.5 H2 8/221/275 Ø27 R18 ET-25 RFH;;Released;8;0;0;0;8;1517,04
4.7.2025;E-LINE;WO072417;SO027049;143910;KENDA Deutschland GmbH;WB 10.50Ix12 H2 4/85/130 Ø14.5 ET-53 Silver;RAL9006;Released;109;109;94;94;15;489,75
4.7.2025;E-LINE;WO072882;SO027198;571645;KENDA Deutschland GmbH;WB 6.00Ix10 H2 4/61/100 Ø15.5 R12 ET0;;Released;200;200;0;0;200;3160
4.7.2025;E-LINE;WO072889;SO027199;442075;KENDA Deutschland GmbH;WB 7.00Ix12 H2 4/60/100 Ø16 R12 ET-4;;Firm Planned;10;0;0;0;10;247,8
4.7.2025;E-LINE;WO072899;SO027200;307206;KENDA Deutschland GmbH;WB 10.50Ix12 H2 10/93/140 Ø16.5 ET0;;Released;50;0;0;0;50;2378,5
4.7.2025;E-LINE;WO072907;SO027200;409702;KENDA Deutschland GmbH;WB 7.00Ix10 H2 5/80/114.3 Ø15 C80 ET-2;;Released;96;96;0;0;96;2114,88
4.7.2025;E-LINE;WO073224;SO027281;100630;KENDA GB Rugeley Ltd;WB 5.50Ix8 H2 4/67/101.6 Ø12.5 C60 ET0;;Firm Planned;50;0;0;0;50;731,5
4.7.2025;E-LINE;WO073239;SO027281;723846;KENDA GB Rugeley Ltd;WB 8.50Ix12 H2 5/71/152.4 Ø14 C60 ET60;;Released;96;0;0;0;96;3205,44
4.7.2025;F-LINE;WO071679;SO026787;521022;KENDA Polska Sp. z.o.o.;WB AG13.00x15.5 H2 6/161/205 Ø21.5 R16 ET-15;RAL9006;Released;100;100;88;88;12;455,88
4.7.2025;F-LINE;WO073581;SO027431;729541;KENDA Deutschland GmbH;WB W11x20 H2 6/110/150 Ø17 ET-40;;Released;52;0;0;0;52;6065,28
4.7.2025;F-LINE;WO072488;SO027084;521022;KENDA Polska Sp. z.o.o.;WB AG13.00x15.5 H2 6/161/205 Ø21.5 R16 ET-15;RAL9006;Finished;150;150;150;144;6;227,94
4.7.2025;G-LINE;WO072472;SO027068;139708;KENDA Polska Sp. z.o.o.;WB 11LBx16 H2 6/161/205 Ø21.5 R16 ET0;RAL9006;Released;60;60;58;58;2;110,78
4.7.2025;G-LINE;WO072867;SO027194;645940;KENDA Deutschland GmbH;WB 5Jx14 H2 5/97/140 Ø16 C60 ET28;;Released;65;0;0;0;65;1797,9
4.7.2025;G-LINE;WO072926;SO027202;162713;KENDA Deutschland GmbH;WB 5.5Jx14 H2 5/97/140 Ø18.5 R14 ET50;;Released;80;0;0;0;80;2984
4.7.2025;G-LINE;WO073562;SO027423;117683;KENDA Schweiz AG;WB 10LBx15 H2 6/161/205 Ø19.5 ET-10;;Released;10;0;0;0;10;964,1
4.7.2025;G-LINE;WO073569;SO027427;118529;KENDA Schweiz AG;WB 8Jx16 H2 6/161/205 Ø21.5 R16 ET-76;;Released;4;0;0;0;4;364,44
4.7.2025;G-LINE;WO073587;SO027432;163802;KENDA Deutschland GmbH;WB 8Jx16 H2 6/161/205 Ø18.5 R14 ET-120;;Released;24;8;0;0;24;1472,64
4.7.2025;GS-DUAL;WO073549;SO027415;584041;KENDA Schweiz AG;DU Wheel MD/HD W8x24/20-170,0   136VSM;;Released;2;2;0;0;2;320,8
4.7.2025;GS-LINE;WO073544;SO027415;621838;KENDA Schweiz AG;DU Wheel MD/HD W8x48/38K-300,0   190VSM;;Firm Planned;2;0;0;0;2;667,2
4.7.2025;GS-LINE;WO073546;SO027415;633060;KENDA Schweiz AG;DU Wheel MD/HD W8x44/34K-300,0   190VSM;;Firm Planned;2;0;0;0;2;573,6
4.7.2025;GS-LINE;WO073547;SO027415;654324;KENDA Schweiz AG;DU Wheel MD/HD W8x40/30K-300,0   160VSM;;Released;2;0;0;0;2;506,4
4.7.2025;GS-LINE;WO073561;SO027422;118048;KENDA Schweiz AG;DU Wheel MD/HD W8x48/38-250,0   150VSM;;Released;2;2;0;0;2;638,4
4.7.2025;GS-LINE;WO073565;SO027425;162836;KENDA Schweiz AG;DU Wheel MD/HD W7x36/28-180,0   140VSM;;Released;2;2;0;0;2;430,4
4.7.2025;GS-SOK;WO073542;SO027415;714752;KENDA Schweiz AG;DU Wheel SOK3 W8x16/17-160,0;;Released;4;4;0;0;4;363,2
4.7.2025;GS-SOK;WO073543;SO027415;585932;KENDA Schweiz AG;DU Wheel SOK2 5.50Fx16/15-108,0  DTS   95VSM;;Released;4;0;0;0;4;286,4
4.7.2025;ROLL LINE;WO072094;SO026940;112091;KENDA Deutschland GmbH;WB 7.00Ix12 H2 5/93/140 Ø15 ET-10 Silver RAL9006;RAL9006;Released;500;500;495;493;7;164,5
4.7.2025;ROLL LINE;WO073880;SO027509;115610;KENDA Europe A/S;WB 13LBx15 H2 6/161/205 Ø21.5 R16 ET0;;Released;2;2;0;0;2;137,9
4.7.2025;ROLLING-LINE;WO073617;SO027434;494968;Grasdorf Rad  GmbH;DU Spacer Emc2 42K-385;;Firm Planned;20;0;0;0;20;4890
4.7.2025;ROLLING-LINE;WO073618;SO027434;494876;Grasdorf Rad  GmbH;DU Spacer Emc2 38-335;;Firm Planned;10;0;0;0;10;2135
8.7.2025;D-LINE;WO072030;SO026916;559537;KENDA Deutschland GmbH;WB 16.00x17 H2 6/161/205 Ø21.5 R16 ET0 RFH;RAL9006;Released;50;10;10;10;40;4020
8.7.2025;G-LINE;WO070458;SO026357;494708;KENDA GB Rugeley Ltd;WB 9.00x15.3 H2 5/94/140 Ø18.5 R14 ET-35;RAL9005 (CP1013);Released;112;112;107;107;5;210,65
9.7.2025;B-LINE;WO073632;SO027438;471242;KENDA Polska Sp. z.o.o.;WI GK 5.50Ax8 H2 20x89,5 TL Silver RAL9006 NORMAL;RAL9006;Released;525;525;420;420;105;964,95
9.7.2025;COMPONENT;(blank);SO027208;495224;KENDA Schweiz AG;DU Hookspindle  MD/SOK 575mm;;(blank);500;0;0;250;250;2440
9.7.2025;E-LINE;WO072487;SO027083;516455;KENDA Polska Sp. z.o.o.;WB 7.00Ix12 H2 5/94/140 Ø16.5 R14 ET0;RAL9006;Released;160;160;150;150;10;254,9
9.7.2025;GS-DUAL;WO073495;SO027401;727547;KENDA Schweiz AG;DU Wheel MD/HD W7x24/20K-170,0   135VSM;RAL9005;Released;2;2;1;1;1;160
11.7.2025;A-LINE;WO072904;SO027200;376851;KENDA Deutschland GmbH;WI GO 2.50Ax8 35x71;;Released;325;0;0;0;325;1537,25
11.7.2025;A-LINE;WO072914;SO027201;275116;KENDA Deutschland GmbH;WI GR 2.50Ax6 20x113/107;;Released;200;0;0;0;200;1174
11.7.2025;A-LINE;WO073079;SO027239;518640;KENDA Deutschland GmbH;WI GF 2.50Ax8 20,1x150/143;;Released;200;0;0;0;200;1206
11.7.2025;A-LINE;WO073230;SO027281;493442;KENDA GB Rugeley Ltd;WI GO 2.50Ax8 35,3x63,5;RAL9005 (CP1013);Released;810;810;804;804;6;28,92
11.7.2025;A-LINE;WO073436;SO027359;542195;KENDA GB Rugeley Ltd;WI EK 2.50Ax8 25x63,5/71,5;;Released;100;0;0;0;100;867
11.7.2025;B-LINE;WO069235;SO025963;663852;KENDA België NV;WI GK 4.50Ix9 H2 35x68 TL Silver RAL9006 6007 2RS;RAL9006;Finished;600;600;600;502;98;1673,84
11.7.2025;C-LINE;WO072492;SO027088;541747;KENDA Polska Sp. z.o.o.;WI EK 4.50Ax6 H 25x90/98;;Released;400;0;0;0;400;3920
11.7.2025;C-LINE;WO072974;SO027214;627397;KENDA Deutschland GmbH;WI GK 2.50Ax8 H2 30x100;;Released;200;0;0;0;200;2824
11.7.2025;C-LINE;WO073243;SO027281;274522;KENDA GB Rugeley Ltd;WB 2.50Ax8 H2 4/85/115 Ø12.5 C90 ET0;;Finished;553;0;553;0;553;3107,86
11.7.2025;C-LINE;WO073709;SO027463;616704;KENDA Polska Sp. z.o.o.;WB 5.50Ax8 H2 4/60/100 Ø14.5 C60 ET0 Silver;;Released;210;210;0;0;210;1461,6
11.7.2025;COMPONENT;(blank);SO027505;481920;Forrim bv;DU Clamp HD;;(blank);100;0;0;0;100;5100
11.7.2025;D-LINE;WO072814;SO027179;275963;KENDA GB Rugeley Ltd;WB AG16.00x22.5 H2 8/221/275 Ø21.5 R16 ET-12;;Released;160;0;0;0;160;21331,2
11.7.2025;D-LINE;WO073415;SO027346;556727;KENDA Deutschland GmbH;WB W10x24 6/161/205 Ø18 ET-32;;Released;4;0;0;0;4;1091,96
11.7.2025;D-LINE;WO073597;SO027432;116259;KENDA Deutschland GmbH;WB AG16.00x22.5 H2 8/221/275 Ø22.5 R16 ET0;;Released;4;0;0;0;4;983,28
11.7.2025;E-LINE;WO069908;SO026201;736006;KENDA GB Rugeley Ltd;WB 7.00Ix10 H2 4/64.5/101.6 Ø14.5 C60 ET-28.5;RAL9006;Released;100;100;94;94;6;137,4
11.7.2025;E-LINE;WO072851;SO027193;682341;KENDA Deutschland GmbH;WB 8.50Ix10 H2 5/67/112 Ø16 R12 ET-4;;Released;80;0;0;0;80;1913,6
11.7.2025;E-LINE;WO072859;SO027193;700830;KENDA Deutschland GmbH;WB 7.00Ix8 H2 4/58.5/85 Ø14 R12 ET-7;;Released;60;0;0;0;60;1380
11.7.2025;E-LINE;WO072861;SO027194;594293;KENDA Deutschland GmbH;WB 8.50Ix10 H2 4/60/100 Ø15 C60 ET-3;;Released;100;0;0;0;100;2460
11.7.2025;E-LINE;WO072888;SO027199;422152;KENDA Deutschland GmbH;WB 7.00Ix12 H2 6/80/120 Ø16 R12 ET-4;;Firm Planned;100;0;0;0;100;2478
11.7.2025;E-LINE;WO072897;SO027200;293219;KENDA Deutschland GmbH;WB 8.50Ix12 H2 5/80/115 Ø18.5 R14 ET-95;;Released;60;0;0;0;60;1650
11.7.2025;E-LINE;WO072912;SO027201;274386;KENDA Deutschland GmbH;WB 10.50Ix12 H2 4/60/100 Ø18.5 R14 ET-70;;Released;20;0;0;0;20;612
11.7.2025;E-LINE;WO072917;SO027201;293202;KENDA Deutschland GmbH;WB 7.00Bx8 H2 4/58/85 Ø14 R12 ET-33;;Released;56;0;0;0;56;1288
11.7.2025;E-LINE;WO073020;SO027230;717654;KENDA Deutschland GmbH;WB 8.50Ix12 H2 5/80/115 Ø14.5 C80 ET0;;Released;64;0;0;0;64;2702,08
11.7.2025;E-LINE;WO073027;SO027230;143941;KENDA Deutschland GmbH;WB 10.50Ix12 H2 5/79.5/114.3 Ø12 C75 ET-25 Orange;;Released;100;0;0;0;100;3982
11.7.2025;E-LINE;WO073231;SO027281;613444;KENDA GB Rugeley Ltd;WB 6.00Ix10 H2 4/67/101.6 Ø12.5 R11 ET-3;;Released;100;0;0;0;100;1656
11.7.2025;E-LINE;WO073404;SO027345;678979;KENDA Deutschland GmbH;WB 7.00Ix8 H2 4/72/101.6 Ø14.3 C60 ET-4;;Released;12;0;0;0;12;680,88
11.7.2025;E-LINE;WO073408;SO027345;307190;KENDA Deutschland GmbH;WB 10.50Ix12 H2 10/93/140 Ø16.5 ET-35;;Firm Planned;16;0;0;0;16;1187,04
11.7.2025;E-LINE;WO073412;SO027346;139623;KENDA Deutschland GmbH;WB 10.50Ix12 H2 5/94/140 Ø18.5 R14 ET0;;Released;50;0;0;0;50;2442
11.7.2025;E-LINE;WO073590;SO027432;713540;KENDA Deutschland GmbH;WB 7.00Bx8 H2 4/70/100 Ø13 ET-24;;Released;100;0;0;0;100;2127
11.7.2025;E-LINE;WO073598;SO027433;282435;KENDA Deutschland GmbH;RM 8.50Ix12 H2;;Released;100;0;0;0;100;2000
11.7.2025;F-LINE;WO072509;SO027103;294230;KENDA België NV;WB 6.75x17.5 H2 6/161/205 Ø21.5 R16 ET0;;Released;248;0;321;208;40;2287,6
11.7.2025;F-LINE;WO072864;SO027194;619316;KENDA Deutschland GmbH;WB 13.00x17 H2 6/161/205 Ø21.5 R16 ET-45;;Released;70;0;0;0;70;4508,7
11.7.2025;F-LINE;WO072918;SO027202;146096;KENDA Deutschland GmbH;WB AG13.00x15.5 H2 6/161/205 Ø21.5 R16 ET50 RFH;;Released;40;0;0;0;40;2125,6
11.7.2025;F-LINE;WO073252;SO027281;614564;KENDA GB Rugeley Ltd;WB W13x20 H2 8/221/275 Ø21.5 R16 ET-15;;Released;240;0;0;0;240;20671,2
11.7.2025;F-LINE;WO073254;SO027281;275666;KENDA GB Rugeley Ltd;WB 9.00Wx18 H2 8/221/275 Ø21.5 R16 ET-8;;Released;50;0;0;0;50;2803,5
11.7.2025;F-LINE;WO073528;SO027412;576831;KENDA Schweiz AG;WB 13.00x17 H2 6/151/205 Ø26 R18 ET100;;Released;10;0;0;0;10;2316,5
11.7.2025;F-LINE;WO073584;SO027431;535371;KENDA Deutschland GmbH;WB 13.00x17 H2 6/161/205 Ø21.5 R16 ET120;;Released;15;0;0;0;15;1174,65
11.7.2025;F-LINE;WO073585;SO027431;576831;KENDA Deutschland GmbH;WB 13.00x17 H2 6/151/205 Ø26 R18 ET100;;Released;24;0;0;0;24;1996,8
11.7.2025;G-LINE;WO072855;SO027193;743493;KENDA Deutschland GmbH;WB 9.00x15.3 H2 6/161/205 Ø21.5 R16 ET-12;;Released;50;0;0;0;50;2135,5
11.7.2025;G-LINE;WO072868;SO027194;672137;KENDA Deutschland GmbH;WB 11LBx16 H2 6/161/205 Ø21.5 R16 ET-20;;Released;40;0;0;0;40;2471,2
11.7.2025;G-LINE;WO073076;SO027239;474120;KENDA Deutschland GmbH;WB 13LBx15 H2 5/192/225 Ø18.5 R14 ET83.5;RAL7042;Released;200;200;195;195;5;239,2
11.7.2025;G-LINE;WO073513;SO027407;469768;KENDA Deutschland GmbH;WB 11LBx16 H2 6/161/205 Ø21.5 R16 ET-50;;Released;100;0;0;0;100;4784
11.7.2025;G-LINE;WO073526;SO027412;474120;KENDA Schweiz AG;WB 13LBx15 H2 5/192/225 Ø18.5 R14 ET83.5;;Released;12;0;0;0;12;581,28
11.7.2025;G-LINE;WO073530;SO027412;702360;KENDA Schweiz AG;WB 8Jx16 H2 6/130/170 Ø19.5 ET65;;Released;10;0;0;0;10;467,7
11.7.2025;G-LINE;WO073559;SO027420;105871;KENDA Schweiz AG;WB 5.5Jx14 H2 6/161/205 Ø21.5 R16 ET-15;;Released;30;0;0;0;30;1112,4
11.7.2025;G-LINE;WO072929;SO027203;143750;KENDA Deutschland GmbH;WB 12LBx15 H2 10/93/140 Ø15 - ET-70 Silver;RAL9006;Finished;500;500;500;491;9;457,29
11.7.2025;GS-MTM;WO073765;SO027476;495095;KENDA Deutschland GmbH;WB 8.50-20 10/281/335 Ø26 ET150;;Released;16;16;0;0;16;7606,88
11.7.2025;GS-SOK;WO073501;SO027405;726946;KENDA Schweiz AG;DU Wheel SOK2 W6x16/15-108,0  DTS   96VSM;;Released;60;0;0;0;60;4968
15.7.2025;C-LINE;WO072478;SO027074;316215;KENDA Polska Sp. z.o.o.;WI GK 4.50Ax6 H2 25x90;RAL9006;Released;200;200;197;197;3;31,14
15.7.2025;E-LINE;WO072493;SO027089;640143;KENDA Polska Sp. z.o.o.;WB 6.00Ix10 H2 4/56.5/100 Ø13 C60 ET0;RAL9006;Released;200;200;193;193;7;135,52
15.7.2025;F-LINE;WO072880;SO027198;557885;KENDA Deutschland GmbH;WB 16.00x17 H2 8/221/275 Ø21.5 R16 ET0;RAL9006;Released;150;149;149;149;1;62,61
17.7.2025;ROLL LINE;WO072943;SO027204;112091;KENDA Deutschland GmbH;WB 7.00Ix12 H2 5/93/140 Ø15 ET-10 Silver RAL9006;;Firm Planned;400;0;0;0;400;9400
18.7.2025;A-LINE;WO073229;SO027281;359687;KENDA GB Rugeley Ltd;WI GO 2.50Ax8 35,3x63,5;;Released;100;0;0;0;100;584
18.7.2025;A-LINE;WO073298;SO027303;506364;KENDA Deutschland GmbH;WI GK 2.50Ax8 14,2x96/89,8 TL Silver RAL9006;;Released;1000;0;0;0;1000;4860
18.7.2025;A-LINE;WO073299;SO027303;506364;KENDA Deutschland GmbH;WI GK 2.50Ax8 14,2x96/89,8 TL Silver RAL9006;;Released;1000;0;0;0;1000;4860
18.7.2025;A-LINE;WO073300;SO027303;506364;KENDA Deutschland GmbH;WI GK 2.50Ax8 14,2x96/89,8 TL Silver RAL9006;;Released;1000;0;0;0;1000;4860
18.7.2025;A-LINE;WO073504;SO027407;367545;KENDA Deutschland GmbH;WI GK 2.50Ax8 14,2x96/89,8;;Released;2000;0;0;0;2000;8720
18.7.2025;B-LINE;WO073245;SO027281;365190;KENDA GB Rugeley Ltd;WI GO 5.50Ax8 H2 35,3x76;;Released;200;200;0;0;200;2566
18.7.2025;B-LINE;WO073708;SO027463;592831;KENDA Polska Sp. z.o.o.;WI GPL 5.50Ax8 H2 25,4x89,5 TL Silver RAL9006;;Released;315;0;0;0;315;3408,3
18.7.2025;C-LINE;WO070441;SO026357;139968;KENDA GB Rugeley Ltd;WB 2.50Ax8 H2 4/60/100 Ø14.5 C60 ET0;RAL9006;Released;702;702;681;681;21;102,69
18.7.2025;C-LINE;WO071576;SO026735;363523;KENDA GB Rugeley Ltd;WI GO 4.50Ax6 H2 35,3x62;RAL9006;Released;140;140;123;123;17;104,89
18.7.2025;C-LINE;WO073241;SO027281;274515;KENDA GB Rugeley Ltd;WB 2.50Ax8 H2 4/67/101.6 Ø11.5 C90 ET0;;Released;702;0;0;0;702;3194,1
18.7.2025;C-LINE;WO073418;SO027346;721323;KENDA Deutschland GmbH;WI EK 5.00Ix10 H2 25x90/100;;Released;250;0;0;0;250;3250
18.7.2025;COMPONENT;WO072962;SO027208;575667;KENDA Schweiz AG;DU Hookspindle  MD/SOK 270mm;;Firm Planned;250;0;0;0;250;2310
18.7.2025;COMPONENT;WO073064;SO027236;680965;KENDA Schweiz AG;DU Ringnut Kit MD;;Firm Planned;100;0;0;0;100;908
18.7.2025;COMPONENT;WO073729;SO027471;596464;KENDA Schweiz AG;DU Driving lug   AW SOK;;Firm Planned;50;0;0;0;50;28
18.7.2025;COMPONENT;(blank);SO027236;610313;KENDA Schweiz AG;DU Capnut SOK+;;(blank);50;0;0;0;50;184
18.7.2025;COMPONENT;(blank);SO027236;143552;KENDA Schweiz AG;DU Footbase MD      Standard;;(blank);500;0;0;0;500;2080
18.7.2025;COMPONENT;(blank);SO027236;494104;KENDA Schweiz AG;DU Capnut MD+;;(blank);500;0;0;0;500;3206
18.7.2025;COMPONENT;(blank);SO027471;654287;KENDA Schweiz AG;DU Headspindle  MD/SOK 270mm;;(blank);50;0;0;0;50;382
18.7.2025;COMPONENT;(blank);SO027471;634456;KENDA Schweiz AG;DU Hookspindle  MD/SOK 405mm;;(blank);100;0;0;0;100;956
18.7.2025;D-LINE;WO072945;SO027204;141275;KENDA Deutschland GmbH;WB AG16.00x22.5 H2 8/221/275 Ø27 R18 ET-50 RFH;;Released;8;0;0;0;8;996,08
18.7.2025;D-LINE;WO073182;SO027272;141282;KENDA Deutschland GmbH;WB AG16.00x22.5 H2 8/221/275 Ø27 R18 ET0 RFH;;Released;20;0;0;0;20;2676,6
18.7.2025;D-LINE;WO073210;SO027274;719719;KENDA Deutschland GmbH;WB AG24.00x22.5 H2 8/221/275 Ø27 R18 ET-50;;Released;40;0;0;0;40;6332,8
18.7.2025;D-LINE;WO072813;SO027179;275963;KENDA GB Rugeley Ltd;WB AG16.00x22.5 H2 8/221/275 Ø21.5 R16 ET-12;;Finished;160;0;160;157;3;415,95
18.7.2025;DT-CUTTING;WO073572;SO027429;112329;KENDA Deutschland GmbH;Spacer/Distance Tube 30,0x26,0x34,0mm;;Firm Planned;21;0;0;0;21;6,3
18.7.2025;E-LINE;WO071502;SO026722;102672;KENDA Schweiz AG;WB 3.50Bx10 H2 4/60/100 Ø16 C105 ET38;;Released;100;0;0;0;100;2747
18.7.2025;E-LINE;WO072533;SO027111;374680;BOHNENKAMP SE;WB 6.00Ix10 H2 5/67/112 Ø16 C60 ET25;;Released;100;0;0;0;100;2791
18.7.2025;E-LINE;WO073028;SO027230;713540;KENDA Deutschland GmbH;WB 7.00Bx8 H2 4/70/100 Ø13 ET-24;;Released;100;0;0;0;100;2045
18.7.2025;E-LINE;WO073192;SO027273;143910;KENDA Deutschland GmbH;WB 10.50Ix12 H2 4/85/130 Ø14.5 ET-53 Silver;;Released;96;0;0;0;96;3134,4
18.7.2025;E-LINE;WO073197;SO027273;274386;KENDA Deutschland GmbH;WB 10.50Ix12 H2 4/60/100 Ø18.5 R14 ET-70;;Firm Planned;10;0;0;0;10;318,2
18.7.2025;E-LINE;WO073202;SO027274;618241;KENDA Deutschland GmbH;WB 7.00Ix10 H2 4/60/101.6 Ø14.5 C60 ET20;;Firm Planned;40;0;0;0;40;1196,4
18.7.2025;E-LINE;WO073206;SO027274;678986;KENDA Deutschland GmbH;WB 7.00Ix10 H2 4/60/100 Ø16 R12 ET-14;;Firm Planned;72;0;0;0;72;1486,8
18.7.2025;E-LINE;WO073225;SO027281;275475;KENDA GB Rugeley Ltd;WB 6.00Ix10 H2 5/65.5/112 Ø14 C60 ET0;;Released;96;0;0;0;96;1679,04
18.7.2025;E-LINE;WO073237;SO027281;713540;KENDA GB Rugeley Ltd;WB 7.00Bx8 H2 4/70/100 Ø13 ET-24;;Released;50;0;0;0;50;908,5
18.7.2025;E-LINE;WO073238;SO027281;713571;KENDA GB Rugeley Ltd;WB 10.50Ix12 H2 5/79.5/114.3 Ø12 C75 ET-25;;Released;50;0;0;0;50;1799
18.7.2025;E-LINE;WO073246;SO027281;497433;KENDA GB Rugeley Ltd;WB 5Jx12 H2 5/94/140 Ø18.5 R14 ET0;;Released;24;0;0;0;24;615,36
18.7.2025;E-LINE;WO073507;SO027407;409702;KENDA Deutschland GmbH;WB 7.00Ix10 H2 5/80/114.3 Ø15 C80 ET-2;;Released;96;0;0;0;96;2199,36
18.7.2025;E-LINE;WO073508;SO027407;422107;KENDA Deutschland GmbH;WB 10.50Ix12 H2 6/80/120 Ø16 R12 ET-50;;Released;60;0;0;0;60;1744,8
18.7.2025;E-LINE;WO073509;SO027407;422152;KENDA Deutschland GmbH;WB 7.00Ix12 H2 6/80/120 Ø16 R12 ET-4;;Firm Planned;40;0;0;0;40;991,2
18.7.2025;E-LINE;WO073510;SO027407;442075;KENDA Deutschland GmbH;WB 7.00Ix12 H2 4/60/100 Ø16 R12 ET-4;;Released;60;0;0;0;60;1486,8
18.7.2025;E-LINE;WO073533;SO027413;383941;KENDA Schweiz AG;WB 8.50Ix10 H2 4/85/125 Ø14 ET-20;;Released;50;0;0;0;50;826
18.7.2025;E-LINE;WO073534;SO027413;596990;KENDA Schweiz AG;WB 8.50Ix12 H2 4/85/125 Ø14 ET-34;;Released;60;0;0;0;60;1677
18.7.2025;E-LINE;WO073537;SO027413;716596;KENDA Schweiz AG;WB 8.50Ix12 H2 5/102/140 Ø16.5 C60 ET50;;Released;50;0;0;0;50;1626,5
18.7.2025;E-LINE;WO073592;SO027432;143774;KENDA Deutschland GmbH;WB 8.50Ix12 H2 6/90/120 Ø14 ET-18 Orange (CP 1031);;Released;18;0;0;0;18;1161
18.7.2025;F-LINE;WO071504;SO026722;590219;KENDA Schweiz AG;WB 13.00x17 H2 6/161/205 Ø21.5 16.0 ET66;;Released;48;0;0;0;48;2895,36
18.7.2025;F-LINE;WO073183;SO027272;141299;KENDA Deutschland GmbH;WB 16.00x17 H2 8/221/275 Ø27 R18 ET-50 RFH;;Released;10;0;0;0;10;1005
18.7.2025;F-LINE;WO073186;SO027272;143828;KENDA Deutschland GmbH;WB 13.00x17 H2 6/161/205 Ø21.5 R16 ET-85 VG3;;Released;10;0;0;0;10;572,3
18.7.2025;F-LINE;WO073187;SO027272;143842;KENDA Deutschland GmbH;WB 13.00x17 H2 6/161/205 Ø21.5 R16 ET0 Orange;;Released;100;0;0;0;100;5122
18.7.2025;F-LINE;WO073191;SO027272;143897;KENDA Deutschland GmbH;WB 13.00x17 H2 6/161/205 Ø21.5 R16.0 ET0 VG;;Released;11;0;0;0;11;660,55
18.7.2025;F-LINE;WO073200;SO027273;276861;KENDA Deutschland GmbH;WB 13.00x17 H2 6/161/205 Ø21.5 R16 ET-45;;Released;50;0;0;0;50;3284,5
18.7.2025;F-LINE;WO073203;SO027274;619316;KENDA Deutschland GmbH;WB 13.00x17 H2 6/161/205 Ø21.5 R16 ET-45;;Released;50;0;0;0;50;3349,5
18.7.2025;F-LINE;WO073506;SO027407;387864;KENDA Deutschland GmbH;WB 13.00x15.5 H2 6/161/205 Ø21.5 R16 ET-15;;Released;20;0;0;0;20;971,2
18.7.2025;F-LINE;WO073511;SO027407;456751;KENDA Deutschland GmbH;WB W14Lx18 H2 8/221/275 Ø27 R18 ET36;;Released;50;0;0;0;50;3506,5
18.7.2025;F-LINE;WO073512;SO027407;461809;KENDA Deutschland GmbH;WB 16.00x17 H2 8/221/275 Ø27 R18 ET0;;Released;24;0;0;0;24;1943,04
18.7.2025;F-LINE;WO073535;SO027413;626369;KENDA Schweiz AG;WB W11x20 H2 8/221/275 Ø27 R18 ET100;;Released;10;0;0;0;10;881,5
18.7.2025;F-LINE;WO073575;SO027429;535340;KENDA Deutschland GmbH;WB 13.00x17 H2 6/161/205 Ø21.5 R16 ET100;;Released;15;0;0;0;15;1262,4
18.7.2025;G-LINE;WO071503;SO026722;167008;KENDA Schweiz AG;WB 13LBx15 H2 5/94/140 Ø18.5 R14 ET49;;Released;50;0;0;0;50;2505
18.7.2025;G-LINE;WO073185;SO027272;143750;KENDA Deutschland GmbH;WB 12LBx15 H2 10/93/140 Ø15 - ET-70 Silver;;Released;210;210;0;0;210;10670,1
18.7.2025;G-LINE;WO073209;SO027274;690919;KENDA Deutschland GmbH;WB 8.25x16.5 H2 6/161/205 Ø21.5 R16 ET-40;;Released;20;0;0;0;20;1093,2
18.7.2025;G-LINE;WO073211;SO027274;729916;KENDA Deutschland GmbH;WB 6Jx15 H2 6/161/205 Ø21.5 R16 ET70;;Released;100;0;0;0;100;4003
18.7.2025;G-LINE;WO073235;SO027281;614052;KENDA GB Rugeley Ltd;WB 9.00x15.3 H2 6/161/205 Ø20 R16 ET-45;;Released;224;224;0;0;224;9354,24
18.7.2025;G-LINE;WO073419;SO027346;736358;KENDA Deutschland GmbH;WB 8LBx15 H2 6/110/150 Ø13 ET20;;Released;38;0;0;0;38;3002,76
18.7.2025;G-LINE;WO073503;SO027407;362359;KENDA Deutschland GmbH;WB 13LBx15 H2 6/161/205 Ø21.5 R16.0 ET-37;;Released;50;0;0;0;50;2895,5
18.7.2025;G-LINE;WO073531;SO027413;142203;KENDA Schweiz AG;WB 8Jx16 H2 6/130/170 Ø19.5 ET85;;Released;10;0;0;0;10;996,2
18.7.2025;G-LINE;WO073532;SO027413;167008;KENDA Schweiz AG;WB 13LBx15 H2 5/94/140 Ø18.5 R14 ET49;;Released;50;50;0;0;50;2505
18.7.2025;G-LINE;WO073538;SO027413;727400;KENDA Schweiz AG;WB 8Jx16 H2 6/130/170 Ø19.5 ET85;;Released;10;0;0;0;10;467,7
18.7.2025;G-LINE;WO073571;SO027429;683034;KENDA Deutschland GmbH;WB 7Jx14 H2 6/110/150 Ø13 - ET0;;Released;8;0;0;0;8;365,6
18.7.2025;G-LINE;WO073582;SO027431;736358;KENDA Deutschland GmbH;WB 8LBx15 H2 6/110/150 Ø13 ET20;;Released;20;0;0;0;20;1580,4
18.7.2025;GS-MTM;WO072132;SO026948;613987;KENDA GB Rugeley Ltd;WB AG16.00x22.5 H2 5/290/335 Ø21.5 R22.4 ET-20;RAL1028;Released;240;232;221;209;31;4476,71
18.7.2025;GS-MTM;WO073783;SO027483;119403;KENDA Schweiz AG;WB DW20Bx28 8/221/275 Ø19.5 ET-140;;Released;2;0;0;0;2;578,4
18.7.2025;GS-MTM;WO073784;SO027483;119397;KENDA Schweiz AG;WB DWW25Bx38 8/221/275 Ø21.5 ET-93;;Released;2;0;0;0;2;1221,6
18.7.2025;GS-SOK;WO073810;SO027490;142630;KENDA Schweiz AG;DU Wheel SOK3 W8x16-270,0   195VSM;;Released;24;0;0;0;24;2544
18.7.2025;ROLL LINE;WO072942;SO027204;112084;KENDA Deutschland GmbH;WB 10.50Ix12 H2 10/93/140 Ø15 - ET-50 Silver;;Firm Planned;600;0;0;0;600;16668
18.7.2025;ROLLING-LINE;WO073909;SO027524;524733;Forrim bv;DU AW Spacer Standard 12-130,0;;Firm Planned;2;0;0;0;2;94,08
18.7.2025;ROLLING-LINE;WO073910;SO027524;607504;Forrim bv;DU AW Spacer Standard 28K-300,0;;Firm Planned;2;0;0;0;2;366,82
18.7.2025;ROLLING-LINE;WO073911;SO027524;567488;Forrim bv;DU AW Spacer Standard 42K-374,0 DTS;;Firm Planned;4;0;0;0;4;1353,6
18.7.2025;ROLLING-LINE;WO073915;SO027524;494722;Forrim bv;DU Spacer Emc2 30-335,0;;Firm Planned;2;0;0;0;2;417,6
18.7.2025;SPIN;WO073912;SO027524;727165;Forrim bv;DU AW Spacer Stepped 50/38K-250,0;;Firm Planned;3;0;0;0;3;774,72
18.7.2025;SPIN;WO073913;SO027524;502397;Forrim bv;DU Spacer Stepped 52/42K-250;;Firm Planned;4;0;0;0;4;852,86
18.7.2025;SPIN;WO073914;SO027524;549835;Forrim bv;DU Spacer Stepped 54/42K-250;;Firm Planned;6;0;0;0;6;1444,61
19.7.2025;B-LINE;WO070506;SO026373;144566;KENDA Polska Sp. z.o.o.;WI EK 5.50Ax8 H2 25x87/101 TL Grey RAL7035 6205;RAL7035;Released;900;900;255;255;645;7404,6
19.7.2025;B-LINE;WO072500;SO027096;681375;KENDA Polska Sp. z.o.o.;WI GK 7.00Ix8 H2 30x105;RAL7035;Released;200;50;189;189;11;187,11
19.7.2025;B-LINE;WO073720;SO027468;471242;KENDA Polska Sp. z.o.o.;WI GK 5.50Ax8 H2 20x89,5 TL Silver RAL9006 NORMAL;RAL9006;Released;525;525;420;420;105;964,95
19.7.2025;B-LINE;WO073723;SO027469;471211;KENDA Polska Sp. z.o.o.;WI GPL 5.50Ax8 H2 19,1x89,5 TL Silver RAL9006;RAL9006;Released;525;525;420;420;105;775,95
19.7.2025;B-LINE;WO073634;SO027439;739335;KENDA Polska Sp. z.o.o.;WI GPL 5.50Ax8 H2 19,1x89,5 TL Black CP2004;RAL9005;Finished;525;525;525;465;60;443,4
19.7.2025;F-LINE;WO071687;SO026795;723310;KENDA Polska Sp. z.o.o.;WB 16.00x17 H2 8/221/275 Ø27 R18 ET0;RAL9006;Released;100;94;92;92;8;532,48
19.7.2025;G-LINE;WO073080;SO027239;686899;KENDA Deutschland GmbH;WB 9.75x16.5 H2 10/95/140 Ø16.5 ET-1;RAL9006;Released;100;90;64;92;8;578,88
19.7.2025;ROLL LINE;WO072442;SO027057;112091;KENDA Deutschland GmbH;WB 7.00Ix12 H2 5/93/140 Ø15 ET-10 Silver RAL9006;RAL9006;Released;200;200;172;172;28;658
23.7.2025;A-LINE;WO073331;SO027321;275109;BOHNENKAMP A/S;WI GR 2.10Ax4 20x75/69;RAL7004;Released;300;300;299;299;1;5,54
23.7.2025;E-LINE;WO072756;SO027174;143941;KENDA Deutschland GmbH;WB 10.50Ix12 H2 5/79.5/114.3 Ø12 C75 ET-25 Orange;KUBOTA ORANGE;Released;100;78;70;70;30;1242,3
24.7.2025;B-LINE;WO072531;SO027111;581798;BOHNENKAMP SE;WI EK 5.50Ax8 H2 25x89/100 TL Silver RAL9006 6205;RAL9006;Released;600;600;390;390;210;1990,8
24.7.2025;C-LINE;WO069475;SO026046;473994;BOHNENKAMP SE;WB 2.50Ax8 H2 4/63/100 Ø14.5 C60 ET0;RAL9006;Released;1000;1000;1883;883;117;630,63
25.7.2025;-;(blank);SO027600;19020;KENDA Polska Sp. z.o.o.;POWDER CP1088;;(blank);60;0;0;0;60;516
25.7.2025;-;(blank);SO027600;19020;KENDA Polska Sp. z.o.o.;POWDER CP2004;;(blank);60;0;0;0;60;348
25.7.2025;A-LINE;WO073138;SO027262;275321;KENDA België NV;WI GO 2.50Ax8 30,2x71;;Released;405;0;0;0;405;1255,5
25.7.2025;A-LINE;WO074096;SO027571;367545;KENDA Deutschland GmbH;WI GK 2.50Ax8 14,2x96/89,8;;Released;410;0;0;0;410;5014,3
25.7.2025;B-LINE;WO069152;SO025929;540221;KENDA Polska Sp. z.o.o.;WI EK 4.50Ix9 H2 35x66/78;RAL9006;Released;300;300;250;250;50;1049
25.7.2025;B-LINE;WO073705;SO027463;471198;KENDA Polska Sp. z.o.o.;WI GG 4.375Ax8 H2 20,1x89,5/81,5 TL Silver;RAL9006;Released;600;600;570;570;30;216
25.7.2025;B-LINE;WO073725;SO027469;739335;KENDA Polska Sp. z.o.o.;WI GPL 5.50Ax8 H2 19,1x89,5 TL Black CP2004;;Released;525;525;0;0;525;3879,75
25.7.2025;B-LINE;WO074256;SO027603;739328;KENDA Polska Sp. z.o.o.;WI GK 5.50Ax8 H2 20x89,5 TL Black CP2004 6204 2RS;RAL9005;Released;525;525;525;90;435;3997,65
25.7.2025;COMPONENT;WO073345;SO027327;447919;GRASDORF GmbH;DU Headspindle  MD/SOK 805mm;;Firm Planned;60;0;0;12;48;751,2
25.7.2025;COMPONENT;WO073863;SO027505;470481;Forrim bv;DU Hookspindle  HD/AW 845mm;;Firm Planned;50;0;0;0;50;1905
25.7.2025;COMPONENT;WO073864;SO027505;631660;Forrim bv;DU Capnut Kit HD+;;Firm Planned;200;0;0;0;200;5120
25.7.2025;COMPONENT;WO073865;SO027505;447919;Forrim bv;DU Headspindle  MD/SOK 805mm;;Firm Planned;75;0;0;0;75;2347,5
25.7.2025;COMPONENT;WO073866;SO027505;680965;Forrim bv;DU Ringnut Kit MD;;Firm Planned;30;0;0;0;30;681
25.7.2025;COMPONENT;WO073867;SO027505;568928;Forrim bv;DU Clamp SOK 20 mm block;;Firm Planned;15;0;0;0;15;391,5
25.7.2025;COMPONENT;WO073868;SO027505;681221;Forrim bv;DU Ringnut Kit HD;;Finished;100;0;100;0;100;2050
25.7.2025;COMPONENT;(blank);SO026898;470504;GRASDORF GmbH;DU Headspindle  HD/AW 950mm;;(blank);300;0;0;191;109;1733,1
25.7.2025;COMPONENT;(blank);SO027505;447902;Forrim bv;DU Headspindle  MD/SOK 550mm;;(blank);150;0;0;0;150;3645
25.7.2025;COMPONENT;(blank);SO027505;494999;Forrim bv;DU Hookspindle  HD/AW 575mm;;(blank);150;0;0;0;150;4905
25.7.2025;COMPONENT;(blank);SO027505;631677;Forrim bv;DU Capnut Kit HD+;;(blank);30;0;0;0;30;768
25.7.2025;COMPONENT;(blank);SO027505;408019;Forrim bv;DU Handle bar  HD   536mm;;(blank);30;0;0;0;30;522
25.7.2025;COMPONENT;(blank);SO027505;631592;Forrim bv;DU Capnut Kit MD+;;(blank);200;0;0;0;200;4760
25.7.2025;COMPONENT;(blank);SO027505;143552;Forrim bv;DU Footbase MD      Standard;;(blank);120;0;0;0;120;1248
25.7.2025;COMPONENT;(blank);SO027505;470504;Forrim bv;DU Headspindle  HD/AW 950mm;;(blank);30;0;0;0;30;954
25.7.2025;COMPONENT;(blank);SO027505;495224;Forrim bv;DU Hookspindle  MD/SOK 575mm;;(blank);50;0;0;0;50;1220
25.7.2025;COMPONENT;(blank);SO027505;408026;Forrim bv;DU Handle bar MD    540mm;;(blank);20;0;0;0;20;244
25.7.2025;COMPONENT;(blank);SO027505;422398;Forrim bv;DU Headspindle  HD/AW 565mm;;(blank);50;0;0;0;50;1395
25.7.2025;COMPONENT;(blank);SO027505;447858;Forrim bv;DU Equalizing Disc  Angled 30°;;(blank);20;0;0;0;20;138
25.7.2025;COMPONENT;(blank);SO027505;447872;Forrim bv;DU Clamp MD;;(blank);150;0;0;0;150;5385
25.7.2025;COMPONENT;(blank);SO027505;481913;Forrim bv;DU Clamp SOK weld-on;;(blank);50;0;0;0;50;1145
25.7.2025;COMPONENT;(blank);SO027505;631448;Forrim bv;DU Footbase HD      Standard;;(blank);50;0;0;0;50;650
25.7.2025;COMPONENT;(blank);SO027505;680972;Forrim bv;DU Ringnut Kit MD;;(blank);20;0;0;0;20;454
25.7.2025;COMPONENT;(blank);SO027587;631677;GRASDORF GmbH;DU Capnut Kit HD+;;(blank);200;0;0;40;160;2048
25.7.2025;COMPONENT;(blank);SO027050;481920;GRASDORF GmbH;DU Clamp HD;;(blank);500;0;0;479;21;535,5
25.7.2025;E-LINE;WO073777;SO027478;277035;KENDA België NV;WB 7.00Ix12 H2 5/67/112 Ø16 R12 ET10;;Firm Planned;50;0;0;0;50;1087
25.7.2025;F-LINE;WO073136;SO027262;294230;KENDA België NV;WB 6.75x17.5 H2 6/161/205 Ø21.5 R16 ET0;;Released;100;0;0;0;100;5719
25.7.2025;F-LINE;WO073253;SO027281;614564;KENDA GB Rugeley Ltd;WB W13x20 H2 8/221/275 Ø21.5 R16 ET-15;;Released;80;0;0;0;80;6890,4
25.7.2025;F-LINE;WO073574;SO027429;158129;KENDA Deutschland GmbH;WB W9x18 H2 6/161/205 Ø21.5 R16 ET-12;;Released;100;0;0;0;100;9036
25.7.2025;G-LINE;WO072799;SO027179;614052;KENDA GB Rugeley Ltd;WB 9.00x15.3 H2 6/161/205 Ø20 R16 ET-45;RAL1028;Released;168;168;167;167;1;41,76
25.7.2025;G-LINE;WO073248;SO027281;429038;KENDA GB Rugeley Ltd;WB 9.00x15.3 H2 6/161/205 Ø21.5 R16 ET20;RAL9005 (CP1013);Released;336;336;332;332;4;168,52
25.7.2025;G-LINE;WO073249;SO027281;429038;KENDA GB Rugeley Ltd;WB 9.00x15.3 H2 6/161/205 Ø21.5 R16 ET20;;Released;336;0;0;0;336;14155,68
25.7.2025;G-LINE;WO073401;SO027342;743325;KENDA Schweiz AG;WB 6Jx16 H2 6/161/205 Ø21.5 R16 ET20;;Released;20;0;0;0;20;1647,8
25.7.2025;G-LINE;WO073594;SO027432;108179;KENDA Deutschland GmbH;WB 7Jx16 H2 6/161/205 Ø18.5 ET83;;Released;64;0;0;0;64;3918,08
25.7.2025;G-LINE;WO073789;SO027487;112848;KENDA België NV;WB 6Jx15 H2 6/100/139.7 Ø16 60 ET30;;Released;50;0;0;0;50;1912
25.7.2025;G-LINE;WO073933;SO027529;645544;Ammann Czech Republic s.r.o.;WB W8x16 5/93/140 Ø18.5 R14 ET151.5;;Released;2;0;0;0;2;282,5
25.7.2025;G-LINE;WO071505;SO026723;733975;KENDA Schweiz AG;WB 6Jx16 H2 5/94/140 Ø18.5 R14 ET68;RAL9006;Finished;144;144;144;142;2;109,86
25.7.2025;GS-DUAL;WO073901;SO027518;584775;KENDA Schweiz AG;DU Wheel MD/HD W8x20-160,0   125VSM;;Firm Planned;2;0;0;0;2;296,8
25.7.2025;GS-DUAL;WO073903;SO027520;594750;KENDA Schweiz AG;DU Wheel MD/HD W8x28/24-170,0   140VSM;;Firm Planned;4;0;0;0;4;699,2
25.7.2025;GS-DUAL;WO073904;SO027521;719948;KENDA Schweiz AG;DU Wheel MD/HD W7x24/20-170,0   136VSM;;Firm Planned;6;0;0;0;6;960
25.7.2025;GS-LINE;WO073781;SO027481;624679;KENDA Schweiz AG;DU Wheel MD/HD W7x32/24K-200,0;;Released;2;0;0;0;2;400
25.7.2025;GS-LINE;WO073842;SO027495;619057;KENDA Schweiz AG;DU Wheel MD/HD W10x42-170,0   125VSM;;Firm Planned;2;0;0;0;2;520
25.7.2025;GS-LINE;WO073843;SO027496;729039;KENDA Schweiz AG;DU Wheel MD/HD W7x36/28K-200,0   160VSM;;Firm Planned;2;0;0;0;2;424
25.7.2025;GS-LINE;WO073844;SO027497;660752;KENDA Schweiz AG;DU Wheel MD/HD W10x46-170,0   130VSM;;Firm Planned;2;0;0;0;2;584
25.7.2025;GS-LINE;WO073845;SO027497;730288;KENDA Schweiz AG;DU Wheel MD/HD W10x32-170,0   120VSM;;Firm Planned;2;0;0;0;2;391,2
25.7.2025;GS-MTM;WO073232;SO027281;613987;KENDA GB Rugeley Ltd;WB AG16.00x22.5 H2 5/290/335 Ø21.5 R22.4 ET-20;RAL1028;Released;80;80;64;63;17;2454,97
25.7.2025;GS-MTM;WO073907;SO027523;115429;KENDA Schweiz AG;WB DWW20Bx38 8/221/275 Ø22 ET-68;;Firm Planned;2;0;0;0;2;925,6
25.7.2025;GS-SOK;WO073905;SO027522;627502;KENDA Schweiz AG;DU Wheel SOK2 5.50Fx18/17-140,0  DTS   128VSM;;Firm Planned;2;0;0;0;2;187,2
25.7.2025;MTM-SBM;WO073906;SO027523;115306;KENDA Schweiz AG;WB W16Lx28 10/281/335 Ø22 ET-43;;Firm Planned;2;0;0;0;2;549,6
25.7.2025;ROLL LINE;WO073595;SO027432;112084;KENDA Deutschland GmbH;WB 10.50Ix12 H2 10/93/140 Ø15 - ET-50 Silver;;Firm Planned;650;0;0;0;650;18057
25.7.2025;ROLL LINE;WO073596;SO027432;112091;KENDA Deutschland GmbH;WB 7.00Ix12 H2 5/93/140 Ø15 ET-10 Silver RAL9006;;Firm Planned;600;0;0;0;600;14100
25.7.2025;ROLL LINE;WO074039;SO027555;118789;KENDA Deutschland GmbH;WB 7.00Ix12 H2 10/93/140 Ø16.5 ET20;;Firm Planned;4;0;0;0;4;114,44
26.7.2025;B-LINE;WO072744;SO027173;509556;KENDA Deutschland GmbH;WI EK 7.00Ax8 H2 30x92/102;RAL2002;Released;300;300;295;295;5;74,1
26.7.2025;E-LINE;WO073190;SO027272;143880;KENDA Deutschland GmbH;WB 7.00Ix12 H2 10/93/140 Ø16.5 ET20 Silver;RAL9006;Released;130;130;127;127;3;98,58
26.7.2025;F-LINE;WO072920;SO027202;149660;KENDA Deutschland GmbH;WB 16.00x17 H2 6/161/205 Ø21.5 R16 ET0;RAL9005 (CP1013);Released;20;20;16;16;4;299,52
29.7.2025;C-LINE;WO073014;SO027228;139968;Bohnenkamp SIA;WB 2.50Ax8 H2 4/60/100 Ø14.5 C60 ET0;;Released;1100;0;1089;1089;11;59,4
30.7.2025;G-LINE;WO073340;SO027325;495118;Ammann Czech Republic s.r.o.;WB 6Jx15 H2 5/93/140 Ø18.5 R14 ET-182.5;;Released;10;0;0;4;6;982,5
31.7.2025;A-LINE;WO072049;SO026925;498829;BOHNENKAMP A/S;WI GK 2.10-4 13x95/85;;Released;160;160;0;120;40;850,8
31.7.2025;B-LINE;WO074242;SO027601;471211;KENDA Polska Sp. z.o.o.;WI GPL 5.50Ax8 H2 19,1x89,5 TL Silver RAL9006;;Released;525;0;0;0;525;3879,75
31.7.2025;B-LINE;WO074244;SO027601;592831;KENDA Polska Sp. z.o.o.;WI GPL 5.50Ax8 H2 25,4x89,5 TL Silver RAL9006;;Released;525;525;0;0;525;5680,5
31.7.2025;B-LINE;WO074247;SO027602;471211;KENDA Polska Sp. z.o.o.;WI GPL 5.50Ax8 H2 19,1x89,5 TL Silver RAL9006;;Released;525;0;0;0;525;3879,75
31.7.2025;B-LINE;WO074248;SO027602;592831;KENDA Polska Sp. z.o.o.;WI GPL 5.50Ax8 H2 25,4x89,5 TL Silver RAL9006;;Released;525;0;0;0;525;5680,5
31.7.2025;B-LINE;WO074250;SO027602;471174;KENDA Polska Sp. z.o.o.;WI GPL 4.375Ax8 H2 19,1x89,5 TL Silver RAL9006;;Released;600;0;0;0;600;4302
31.7.2025;B-LINE;WO074252;SO027603;471211;KENDA Polska Sp. z.o.o.;WI GPL 5.50Ax8 H2 19,1x89,5 TL Silver RAL9006;;Released;525;0;0;0;525;3879,75
31.7.2025;B-LINE;WO074257;SO027604;471211;KENDA Polska Sp. z.o.o.;WI GPL 5.50Ax8 H2 19,1x89,5 TL Silver RAL9006;;Released;525;0;0;0;525;3879,75
31.7.2025;B-LINE;WO074260;SO027604;739328;KENDA Polska Sp. z.o.o.;WI GK 5.50Ax8 H2 20x89,5 TL Black CP2004 6204 2RS;;Released;525;525;525;210;315;2894,85
31.7.2025;B-LINE;WO074261;SO027604;739335;KENDA Polska Sp. z.o.o.;WI GPL 5.50Ax8 H2 19,1x89,5 TL Black CP2004;;Released;525;611;315;315;210;1551,9
31.7.2025;B-LINE;WO074263;SO027605;471198;KENDA Polska Sp. z.o.o.;WI GG 4.375Ax8 H2 20,1x89,5/81,5 TL Silver;;Released;600;0;0;0;600;4320
31.7.2025;B-LINE;WO074267;SO027605;739335;KENDA Polska Sp. z.o.o.;WI GPL 5.50Ax8 H2 19,1x89,5 TL Black CP2004;;Released;525;0;0;0;525;3879,75
31.7.2025;B-LINE;WO074270;SO027606;739335;KENDA Polska Sp. z.o.o.;WI GPL 5.50Ax8 H2 19,1x89,5 TL Black CP2004;;Released;525;0;0;0;525;3879,75
31.7.2025;B-LINE;WO074284;SO027610;471242;KENDA Polska Sp. z.o.o.;WI GK 5.50Ax8 H2 20x89,5 TL Silver RAL9006 NORMAL;;Released;525;525;315;420;105;964,95
31.7.2025;COMPONENT;WO071972;SO026898;470481;GRASDORF GmbH;DU Hookspindle  HD/AW 845mm;;Firm Planned;30;0;0;28;2;38,1
31.7.2025;COMPONENT;WO073959;SO027538;470481;GRASDORF GmbH;DU Hookspindle  HD/AW 845mm;;Firm Planned;30;0;0;10;20;381
31.7.2025;COMPONENT;(blank);SO027424;634456;KENDA Schweiz AG;DU Hookspindle  MD/SOK 405mm;;(blank);200;0;0;50;150;1434
31.7.2025;D-LINE;WO073247;SO027281;275963;KENDA GB Rugeley Ltd;WB AG16.00x22.5 H2 8/221/275 Ø21.5 R16 ET-12;;Released;80;80;77;77;3;415,95
31.7.2025;E-LINE;WO072760;SO027174;143774;KENDA Deutschland GmbH;WB 8.50Ix12 H2 6/90/120 Ø14 ET-18 Orange (CP 1031);;Released;10;10;6;6;4;258
31.7.2025;E-LINE;WO072939;SO027204;105109;KENDA Deutschland GmbH;WB 8.50Ix12 H2 5/80/115 Ø18.5 R14 ET-95;;Released;60;60;54;54;6;171,6
31.7.2025;E-LINE;WO073330;SO027320;144276;BOHNENKAMP A/S;WB 10.50Ix12 H2 4/60/100 Ø15 C60 ET-20 RFH;;Released;300;300;289;289;11;706,2
31.7.2025;F-LINE;WO072133;SO026948;614014;KENDA GB Rugeley Ltd;WB W13x20 H2 5/290/335 Ø21.5 R22.4 ET10;;Finished;240;240;240;236;4;349,44
31.7.2025;F-LINE;WO072925;SO027202;162065;KENDA Deutschland GmbH;WB 16.00x17 H2 6/161/205 Ø21.5 R16 ET0 VG3 Yellow;;Finished;100;100;100;89;11;969,32
31.7.2025;F-LINE;WO072949;SO027204;143729;KENDA Deutschland GmbH;WB 13.00x17 H2 10/93/140 Ø15 ET-39 Silver RAL9006;;Released;300;300;234;234;66;4468,2
31.7.2025;F-LINE;WO073184;SO027272;143729;KENDA Deutschland GmbH;WB 13.00x17 H2 10/93/140 Ø15 ET-39 Silver RAL9006;;Released;260;260;210;210;50;3385
31.7.2025;F-LINE;WO073251;SO027281;614564;KENDA GB Rugeley Ltd;WB W13x20 H2 8/221/275 Ø21.5 R16 ET-15;;Finished;240;240;240;196;44;3789,72
31.7.2025;F-LINE;WO073822;SO027492;143842;KENDA Deutschland GmbH;WB 13.00x17 H2 6/161/205 Ø21.5 R16 ET0 Orange;;Released;400;400;254;284;116;5941,52
31.7.2025;F-LINE;WO068046;SO025580;143729;KENDA Deutschland GmbH;WB 13.00x17 H2 10/93/140 Ø15 ET-39 Silver RAL9006;;Finished;405;405;405;393;12;812,4
31.7.2025;G-LINE;WO072854;SO027193;729916;KENDA Deutschland GmbH;WB 6Jx15 H2 6/161/205 Ø21.5 R16 ET70;;Released;120;120;119;119;1;40,03
31.7.2025;G-LINE;WO072895;SO027199;469768;KENDA Deutschland GmbH;WB 11LBx16 H2 6/161/205 Ø21.5 R16 ET-50;;Released;100;60;54;54;46;2200,64
31.7.2025;G-LINE;WO073189;SO027272;143873;KENDA Deutschland GmbH;WB 13LBx15 H2 6/161/205 Ø21.5 R16 ET0 VG2 Silver;;Released;300;300;290;296;4;198,44
31.7.2025;G-LINE;WO073234;SO027281;614052;KENDA GB Rugeley Ltd;WB 9.00x15.3 H2 6/161/205 Ø20 R16 ET-45;;Released;224;224;210;154;70;2923,2
8.8.2025;F-LINE;WO072014;SO026912;357850;Maschinenfabrik Bernard Krone GmbH & Co. KG;WB 13.00x17 H2 6/161/205 Ø21.5 R16 ET0;;Released;660;295;0;0;660;28380
;;;;;;;;;;;;;52310;998486,62
