Shipment Date;Line;Work Order;Sales Order;No.;Customer;Description;Status;draw;Qty;Varenje;Farbanje;Shipped;Sum of stock;Rest
2025-01-17;A-LINE;WO068202;SO025602;262826;KENDA GB Rugeley Ltd;WI GO 2.50Ax8 35,3x63,5;Released;\\dk-file03\g_data$\Group Production\HR - Beli Manastir\Drawings\PDF NAV\262826_BM.pdf;405;405;324;324;0;81
2025-01-17;E-LINE;WO068601;SO025734;723846;KENDA GB Rugeley Ltd;WB 8.50Ix12 H2 5/71/152.4 Ø14 C60 ET60;Finished;\\dk-file03\g_data$\Group Production\HR - Beli Manastir\Drawings\PDF NAV\W120-085-107-STR_BM.pdf;96;96;96;95;1;1
2025-01-17;F-LINE;WO069533;SO026067;614564;KENDA GB Rugeley Ltd;WB W13x20 H2 8/221/275 Ø21.5 R16 ET-15;Finished;\\dk-file03\g_data$\Group Production\HR - Beli Manastir\Drawings\PDF NAV\P200-130-055-STR_BM.pdf;120;120;119;119;0;1
2025-01-17;G-LINE;WO068221;SO025602;614052;KENDA GB Rugeley Ltd;WB 9.00x15.3 H2 6/161/205 Ø20 R16 ET-45;Released;\\dk-file03\g_data$\Group Production\HR - Beli Manastir\Drawings\PDF NAV\P153-090-138-STR_BM.pdf;336;336;334;334;0;2
2025-01-17;G-LINE;WO068225;SO025602;676517;KENDA GB Rugeley Ltd;WB 9.00x15.3 H2 6/161/205 Ø21.5 R16 ET23;Released;\\dk-file03\g_data$\Group Production\HR - Beli Manastir\Drawings\PDF NAV\P153-090-157-STR_BM.pdf;112;112;106;106;0;6
2025-01-23;A-LINE;WO068229;SO025602;275307;KENDA GB Rugeley Ltd;WI GO 2.50Ax8 25,6x66;Released;\\dk-file03\g_data$\Group Production\HR - Beli Manastir\Drawings\PDF NAV\275307_BM.pdf;405;405;378;378;0;27
2025-01-23;E-LINE;WO069520;SO026067;613444;KENDA GB Rugeley Ltd;WB 6.00Ix10 H2 4/67/101.6 Ø12.5 R11 ET-3;Finished;\\dk-file03\g_data$\Group Production\HR - Beli Manastir\Drawings\PDF NAV\P100-060-096-STR_BM.pdf;96;96;96;95;1;1
2025-02-07;B-LINE;WO069911;SO026201;274546;KENDA GB Rugeley Ltd;WB 3.50Bx10 H2 4/67/101.6 Ø11.5 C90 ET0;Released;\\dk-file03\g_data$\Group Production\HR - Beli Manastir\Drawings\PDF NAV\274546_BM.pdf;540;540;531;531;0;9
2025-02-07;E-LINE;WO069896;SO026201;100630;KENDA GB Rugeley Ltd;WB 5.50Ix8 H2 4/67/101.6 Ø12.5 C60 ET0;Finished;\\dk-file03\g_data$\Group Production\HR - Beli Manastir\Drawings\PDF NAV\P080-055-033-STR_BM.pdf;50;50;50;49;1;1
2025-03-07;A-LINE;WO069984;SO026228;103662;KENDA GB Rugeley Ltd;WI GK 2.50Ax4 41,3/25x75;Released;\\dk-file03\g_data$\Group Production\HR - Beli Manastir\Drawings\PDF NAV\WP-040-025-012_BM.pdf;10;10;9;9;0;1
2025-03-07;G-LINE;WO071094;SO026564;381732;KENDA GB Rugeley Ltd;WB 6Jx16 H2 6/161/205 Ø21.5 R16 ET0;Released;\\dk-file03\g_data$\Group Production\HR - Beli Manastir\Drawings\PDF NAV\W160-060-003-STR_BM.pdf;110;110;109;109;0;1
2025-03-14;A-LINE;WO071003;SO026523;493442;KENDA GB Rugeley Ltd;WI GO 2.50Ax8 35,3x63,5;Released;\\dk-file03\g_data$\Group Production\HR - Beli Manastir\Drawings\PDF NAV\493442_BM.pdf;405;405;393;393;0;12
2025-03-21;D-LINE;WO071360;SO026674;275963;KENDA GB Rugeley Ltd;WB AG16.00x22.5 H2 8/221/275 Ø21.5 R16 ET-12;Released;\\dk-file03\g_data$\Group Production\HR - Beli Manastir\Drawings\PDF NAV\W225-160-036-STR_BM-1.pdf;40;0;0;0;0;40
2025-03-28;C-LINE;WO071357;SO026674;274515;KENDA GB Rugeley Ltd;WB 2.50Ax8 H2 4/67/101.6 Ø11.5 C90 ET0;Released;\\dk-file03\g_data$\Group Production\HR - Beli Manastir\Drawings\PDF NAV\274515_BM.pdf;702;702;583;583;0;119
2025-03-28;F-LINE;WO071368;SO026674;614564;KENDA GB Rugeley Ltd;WB W13x20 H2 8/221/275 Ø21.5 R16 ET-15;Finished;\\dk-file03\g_data$\Group Production\HR - Beli Manastir\Drawings\PDF NAV\P200-130-055-STR_BM.pdf;144;144;144;142;2;2
2025-04-08;C-LINE;WO070444;SO026357;274522;KENDA GB Rugeley Ltd;WB 2.50Ax8 H2 4/85/115 Ø12.5 C90 ET0;Finished;\\dk-file03\g_data$\Group Production\HR - Beli Manastir\Drawings\PDF NAV\274522_BM.pdf;553;553;553;477;76;76
2025-04-08;D-LINE;WO069913;SO026201;275963;KENDA GB Rugeley Ltd;WB AG16.00x22.5 H2 8/221/275 Ø21.5 R16 ET-12;Released;\\dk-file03\g_data$\Group Production\HR - Beli Manastir\Drawings\PDF NAV\W225-160-036-STR_BM-1.pdf;80;0;77;77;0;3
2025-04-18;GS-MTM;WO069865;SO026199;613987;KENDA GB Rugeley Ltd;WB AG16.00x22.5 H2 5/290/335 Ø21.5 R22.4 ET-20;Finished;\\dk-file03\g_data$\Group Production\HR - Beli Manastir\Drawings\PDF NAV\P225-160-123-STR_BM-1.pdf;80;80;76;76;0;4
2025-04-28;C-LINE;WO071584;SO026735;274515;KENDA GB Rugeley Ltd;WB 2.50Ax8 H2 4/67/101.6 Ø11.5 C90 ET0;Released;\\dk-file03\g_data$\Group Production\HR - Beli Manastir\Drawings\PDF NAV\274515_BM.pdf;702;702;644;644;0;58
2025-04-28;G-LINE;WO071588;SO026735;429038;KENDA GB Rugeley Ltd;WB 9.00x15.3 H2 6/161/205 Ø21.5 R16 ET20;Released;\\dk-file03\g_data$\Group Production\HR - Beli Manastir\Drawings\PDF NAV\W153-090-064-STR_BM.pdf;56;56;27;27;0;29
2025-05-12;G-LINE;WO071587;SO026735;429038;KENDA GB Rugeley Ltd;WB 9.00x15.3 H2 6/161/205 Ø21.5 R16 ET20;Released;\\dk-file03\g_data$\Group Production\HR - Beli Manastir\Drawings\PDF NAV\W153-090-064-STR_BM.pdf;224;224;221;220;1;4
2025-05-12;G-LINE;WO071586;SO026735;429038;KENDA GB Rugeley Ltd;WB 9.00x15.3 H2 6/161/205 Ø21.5 R16 ET20;Finished;\\dk-file03\g_data$\Group Production\HR - Beli Manastir\Drawings\PDF NAV\W153-090-064-STR_BM.pdf;224;224;224;221;3;3
2025-05-23;A-LINE;WO072126;SO026948;275307;KENDA GB Rugeley Ltd;WI GO 2.50Ax8 25,6x66;Released;\\dk-file03\g_data$\Group Production\HR - Beli Manastir\Drawings\PDF NAV\275307_BM.pdf;405;0;0;0;0;405
2025-05-23;G-LINE;WO071365;SO026674;494708;KENDA GB Rugeley Ltd;WB 9.00x15.3 H2 5/94/140 Ø18.5 R14 ET-35;Released;\\dk-file03\g_data$\Group Production\HR - Beli Manastir\Drawings\PDF NAV\W153-090-087-STR_BM.pdf;112;112;111;85;26;27
2025-05-29;E-LINE;WO072135;SO026948;713540;KENDA GB Rugeley Ltd;WB 7.00Bx8 H2 4/70/100 Ø13 ET-24;Released;\\dk-file03\g_data$\Group Production\HR - Beli Manastir\Drawings\PDF NAV\W080-070-033-STR_BM.pdf;60;60;50;50;0;10
2025-05-29;F-LINE;WO071366;SO026674;614564;KENDA GB Rugeley Ltd;WB W13x20 H2 8/221/275 Ø21.5 R16 ET-15;Released;\\dk-file03\g_data$\Group Production\HR - Beli Manastir\Drawings\PDF NAV\P200-130-055-STR_BM.pdf;120;120;117;117;0;3
2025-06-06;E-LINE;WO072802;SO027179;713540;KENDA GB Rugeley Ltd;WB 7.00Bx8 H2 4/70/100 Ø13 ET-24;Released;\\dk-file03\g_data$\Group Production\HR - Beli Manastir\Drawings\PDF NAV\W080-070-033-STR_BM.pdf;50;0;0;0;0;50
2025-06-13;C-LINE;WO072811;SO027179;274515;KENDA GB Rugeley Ltd;WB 2.50Ax8 H2 4/67/101.6 Ø11.5 C90 ET0;Released;\\dk-file03\g_data$\Group Production\HR - Beli Manastir\Drawings\PDF NAV\274515_BM.pdf;702;0;0;0;0;702
2025-06-13;E-LINE;WO073438;SO027361;100630;KENDA GB Rugeley Ltd;WB 5.50Ix8 H2 4/67/101.6 Ø12.5 C60 ET0;Released;\\dk-file03\g_data$\Group Production\HR - Beli Manastir\Drawings\PDF NAV\P080-055-033-STR_BM.pdf;50;0;0;0;0;50
2025-06-20;E-LINE;WO072130;SO026948;613444;KENDA GB Rugeley Ltd;WB 6.00Ix10 H2 4/67/101.6 Ø12.5 R11 ET-3;Released;\\dk-file03\g_data$\Group Production\HR - Beli Manastir\Drawings\PDF NAV\P100-060-096-STR_BM.pdf;100;100;98;92;6;8
2025-06-20;E-LINE;WO072804;SO027179;715711;KENDA GB Rugeley Ltd;WB 7.00Ix8 H2 4/60/100 Ø14.5 C60 ET0;Released;\\dk-file03\g_data$\Group Production\HR - Beli Manastir\Drawings\PDF NAV\P080-070-074-STR_BM.pdf;125;0;0;0;0;125
2025-06-20;G-LINE;WO072131;SO026948;613949;KENDA GB Rugeley Ltd;WB 9.00x15.3 H2 5/93/140 Ø16.5 ET-15;Released;\\dk-file03\g_data$\Group Production\HR - Beli Manastir\Drawings\PDF NAV\P153-090-137-STR_BM.pdf;112;112;111;111;0;1
2025-06-20;G-LINE;WO072641;SO027151;429038;KENDA GB Rugeley Ltd;WB 9.00x15.3 H2 6/161/205 Ø21.5 R16 ET20;Released;\\dk-file03\g_data$\Group Production\HR - Beli Manastir\Drawings\PDF NAV\W153-090-064-STR_BM.pdf;168;168;167;167;0;1
2025-06-26;A-LINE;WO072810;SO027179;262826;KENDA GB Rugeley Ltd;WI GO 2.50Ax8 35,3x63,5;Released;\\dk-file03\g_data$\Group Production\HR - Beli Manastir\Drawings\PDF NAV\262826_BM.pdf;810;0;0;0;0;810
2025-06-26;C-LINE;WO072812;SO027179;274515;KENDA GB Rugeley Ltd;WB 2.50Ax8 H2 4/67/101.6 Ø11.5 C90 ET0;Released;\\dk-file03\g_data$\Group Production\HR - Beli Manastir\Drawings\PDF NAV\274515_BM.pdf;702;0;0;0;0;702
2025-06-27;G-LINE;WO072798;SO027179;614052;KENDA GB Rugeley Ltd;WB 9.00x15.3 H2 6/161/205 Ø20 R16 ET-45;Released;\\dk-file03\g_data$\Group Production\HR - Beli Manastir\Drawings\PDF NAV\P153-090-138-STR_BM.pdf;224;224;223;223;0;1
2025-06-30;A-LINE;WO072793;SO027179;493442;KENDA GB Rugeley Ltd;WI GO 2.50Ax8 35,3x63,5;Released;\\dk-file03\g_data$\Group Production\HR - Beli Manastir\Drawings\PDF NAV\493442_BM.pdf;405;250;250;250;0;155
2025-06-30;D-LINE;WO072138;SO026948;275963;KENDA GB Rugeley Ltd;WB AG16.00x22.5 H2 8/221/275 Ø21.5 R16 ET-12;Released;\\dk-file03\g_data$\Group Production\HR - Beli Manastir\Drawings\PDF NAV\W225-160-036-STR_BM-1.pdf;280;0;276;276;0;4
2025-07-04;A-LINE;WO073244;SO027281;277226;KENDA GB Rugeley Ltd;WI GO 2.10Ax4 35,3x63,5;Released;\\dk-file03\g_data$\Group Production\HR - Beli Manastir\Drawings\PDF NAV\277226_BM.pdf;780;0;0;0;0;780
2025-07-04;C-LINE;WO073240;SO027281;274515;KENDA GB Rugeley Ltd;WB 2.50Ax8 H2 4/67/101.6 Ø11.5 C90 ET0;Released;\\dk-file03\g_data$\Group Production\HR - Beli Manastir\Drawings\PDF NAV\274515_BM.pdf;702;0;0;0;0;702
2025-07-04;C-LINE;WO073242;SO027281;274522;KENDA GB Rugeley Ltd;WB 2.50Ax8 H2 4/85/115 Ø12.5 C90 ET0;Released;\\dk-file03\g_data$\Group Production\HR - Beli Manastir\Drawings\PDF NAV\274522_BM.pdf;500;0;500;0;500;500
2025-07-04;E-LINE;WO073224;SO027281;100630;KENDA GB Rugeley Ltd;WB 5.50Ix8 H2 4/67/101.6 Ø12.5 C60 ET0;Firm Planned;\\dk-file03\g_data$\Group Production\HR - Beli Manastir\Drawings\PDF NAV\P080-055-033-STR_BM.pdf;50;0;0;0;0;50
2025-07-04;E-LINE;WO073239;SO027281;723846;KENDA GB Rugeley Ltd;WB 8.50Ix12 H2 5/71/152.4 Ø14 C60 ET60;Firm Planned;\\dk-file03\g_data$\Group Production\HR - Beli Manastir\Drawings\PDF NAV\W120-085-107-STR_BM.pdf;96;0;0;0;0;96
2025-07-04;G-LINE;WO073234;SO027281;614052;KENDA GB Rugeley Ltd;WB 9.00x15.3 H2 6/161/205 Ø20 R16 ET-45;Released;\\dk-file03\g_data$\Group Production\HR - Beli Manastir\Drawings\PDF NAV\P153-090-138-STR_BM.pdf;224;224;210;0;210;224
2025-07-11;A-LINE;WO073230;SO027281;493442;KENDA GB Rugeley Ltd;WI GO 2.50Ax8 35,3x63,5;Released;\\dk-file03\g_data$\Group Production\HR - Beli Manastir\Drawings\PDF NAV\493442_BM.pdf;810;810;804;804;0;6
2025-07-11;A-LINE;WO073436;SO027359;542195;KENDA GB Rugeley Ltd;WI EK 2.50Ax8 25x63,5/71,5;Released;\\dk-file03\g_data$\Group Production\HR - Beli Manastir\Drawings\PDF NAV\WP-080-025-059_BM.pdf;100;0;0;0;0;100
2025-07-11;C-LINE;WO073243;SO027281;274522;KENDA GB Rugeley Ltd;WB 2.50Ax8 H2 4/85/115 Ø12.5 C90 ET0;Released;\\dk-file03\g_data$\Group Production\HR - Beli Manastir\Drawings\PDF NAV\274522_BM.pdf;553;0;0;0;0;553
2025-07-11;D-LINE;WO073675;SO027454;161242;KENDA GB Rugeley Ltd;WB AG16.00x22.5 H2 8/221/275 Ø21.5 R16 ET-12;Released;\\dk-file03\g_data$\Group Production\HR - Beli Manastir\Drawings\PDF NAV\P225-160-175-STR_BM.pdf;12;0;12;0;12;12
2025-07-11;E-LINE;WO069908;SO026201;736006;KENDA GB Rugeley Ltd;WB 7.00Ix10 H2 4/64.5/101.6 Ø14.5 C60 ET-28.5;Released;\\dk-file03\g_data$\Group Production\HR - Beli Manastir\Drawings\PDF NAV\P100-070-031-STR_BM.pdf;100;100;94;94;0;6
2025-07-11;E-LINE;WO073231;SO027281;613444;KENDA GB Rugeley Ltd;WB 6.00Ix10 H2 4/67/101.6 Ø12.5 R11 ET-3;Released;\\dk-file03\g_data$\Group Production\HR - Beli Manastir\Drawings\PDF NAV\P100-060-096-STR_BM.pdf;100;0;0;0;0;100
2025-07-11;F-LINE;WO073252;SO027281;614564;KENDA GB Rugeley Ltd;WB W13x20 H2 8/221/275 Ø21.5 R16 ET-15;Firm Planned;\\dk-file03\g_data$\Group Production\HR - Beli Manastir\Drawings\PDF NAV\P200-130-055-STR_BM.pdf;240;0;0;0;0;240
2025-07-11;F-LINE;WO073254;SO027281;275666;KENDA GB Rugeley Ltd;WB 9.00Wx18 H2 8/221/275 Ø21.5 R16 ET-8;Firm Planned;\\dk-file03\g_data$\Group Production\HR - Beli Manastir\Drawings\PDF NAV\W180-090-022-STR_BM.pdf;50;0;0;0;0;50
2025-07-11;G-LINE;WO073236;SO027281;676517;KENDA GB Rugeley Ltd;WB 9.00x15.3 H2 6/161/205 Ø21.5 R16 ET23;Released;\\dk-file03\g_data$\Group Production\HR - Beli Manastir\Drawings\PDF NAV\P153-090-157-STR_BM.pdf;112;112;112;0;112;112
2025-07-18;A-LINE;WO073229;SO027281;359687;KENDA GB Rugeley Ltd;WI GO 2.50Ax8 35,3x63,5;Released;\\dk-file03\g_data$\Group Production\HR - Beli Manastir\Drawings\PDF NAV\359687_BM.pdf;100;0;0;0;0;100
2025-07-18;B-LINE;WO073245;SO027281;365190;KENDA GB Rugeley Ltd;WI GO 5.50Ax8 H2 35,3x76;Released;\\dk-file03\g_data$\Group Production\HR - Beli Manastir\Drawings\PDF NAV\WP-080-055-038_BM.pdf;200;0;0;0;0;200
2025-07-18;C-LINE;WO070441;SO026357;139968;KENDA GB Rugeley Ltd;WB 2.50Ax8 H2 4/60/100 Ø14.5 C60 ET0;Released;\\dk-file03\g_data$\Group Production\HR - Beli Manastir\Drawings\PDF NAV\139968_BM.pdf;702;702;681;681;0;21
2025-07-18;C-LINE;WO071576;SO026735;363523;KENDA GB Rugeley Ltd;WI GO 4.50Ax6 H2 35,3x62;Released;\\dk-file03\g_data$\Group Production\HR - Beli Manastir\Drawings\PDF NAV\WP-060-045-032_BM.pdf;140;140;123;123;0;17
2025-07-18;C-LINE;WO073241;SO027281;274515;KENDA GB Rugeley Ltd;WB 2.50Ax8 H2 4/67/101.6 Ø11.5 C90 ET0;Released;\\dk-file03\g_data$\Group Production\HR - Beli Manastir\Drawings\PDF NAV\274515_BM.pdf;702;0;0;0;0;702
2025-07-18;D-LINE;WO073247;SO027281;275963;KENDA GB Rugeley Ltd;WB AG16.00x22.5 H2 8/221/275 Ø21.5 R16 ET-12;Released;\\dk-file03\g_data$\Group Production\HR - Beli Manastir\Drawings\PDF NAV\W225-160-036-STR_BM-1.pdf;80;80;77;0;77;80
2025-07-18;E-LINE;WO073225;SO027281;275475;KENDA GB Rugeley Ltd;WB 6.00Ix10 H2 5/65.5/112 Ø14 C60 ET0;Released;\\dk-file03\g_data$\Group Production\HR - Beli Manastir\Drawings\PDF NAV\W100-060-018-STR_BM.pdf;96;0;0;0;0;96
2025-07-18;E-LINE;WO073237;SO027281;713540;KENDA GB Rugeley Ltd;WB 7.00Bx8 H2 4/70/100 Ø13 ET-24;Firm Planned;\\dk-file03\g_data$\Group Production\HR - Beli Manastir\Drawings\PDF NAV\W080-070-033-STR_BM.pdf;50;0;0;0;0;50
2025-07-18;E-LINE;WO073238;SO027281;713571;KENDA GB Rugeley Ltd;WB 10.50Ix12 H2 5/79.5/114.3 Ø12 C75 ET-25;Firm Planned;\\dk-file03\g_data$\Group Production\HR - Beli Manastir\Drawings\PDF NAV\W120-105-146-STR_BM.pdf;50;0;0;0;0;50
2025-07-18;E-LINE;WO073246;SO027281;497433;KENDA GB Rugeley Ltd;WB 5Jx12 H2 5/94/140 Ø18.5 R14 ET0;Released;\\dk-file03\g_data$\Group Production\HR - Beli Manastir\Drawings\PDF NAV\W120-050-035-STR_BM.pdf;24;0;0;0;0;24
2025-07-18;G-LINE;WO073235;SO027281;614052;KENDA GB Rugeley Ltd;WB 9.00x15.3 H2 6/161/205 Ø20 R16 ET-45;Firm Planned;\\dk-file03\g_data$\Group Production\HR - Beli Manastir\Drawings\PDF NAV\P153-090-138-STR_BM.pdf;224;0;0;0;0;224
2025-07-18;GS-MTM;WO072132;SO026948;613987;KENDA GB Rugeley Ltd;WB AG16.00x22.5 H2 5/290/335 Ø21.5 R22.4 ET-20;Released;\\dk-file03\g_data$\Group Production\HR - Beli Manastir\Drawings\PDF NAV\P225-160-123-STR_BM-1.pdf;240;232;221;209;12;31
2025-07-18;GS-MTM;WO072813;SO027179;275963;KENDA GB Rugeley Ltd;WB AG16.00x22.5 H2 8/221/275 Ø21.5 R16 ET-12;Finished;\\dk-file03\g_data$\Group Production\HR - Beli Manastir\Drawings\PDF NAV\W225-160-036-STR_BM-1.pdf;160;160;160;157;3;3
2025-07-25;F-LINE;WO073233;SO027281;614014;KENDA GB Rugeley Ltd;WB W13x20 H2 5/290/335 Ø21.5 R22.4 ET10;Finished;\\dk-file03\g_data$\Group Production\HR - Beli Manastir\Drawings\PDF NAV\P200-130-054-STR_BM.pdf;200;200;200;186;14;14
2025-07-25;F-LINE;WO073251;SO027281;614564;KENDA GB Rugeley Ltd;WB W13x20 H2 8/221/275 Ø21.5 R16 ET-15;Released;\\dk-file03\g_data$\Group Production\HR - Beli Manastir\Drawings\PDF NAV\P200-130-055-STR_BM.pdf;240;240;240;24;216;216
2025-07-25;F-LINE;WO073253;SO027281;614564;KENDA GB Rugeley Ltd;WB W13x20 H2 8/221/275 Ø21.5 R16 ET-15;Released;\\dk-file03\g_data$\Group Production\HR - Beli Manastir\Drawings\PDF NAV\P200-130-055-STR_BM.pdf;80;0;0;0;0;80
2025-07-25;G-LINE;WO072799;SO027179;614052;KENDA GB Rugeley Ltd;WB 9.00x15.3 H2 6/161/205 Ø20 R16 ET-45;Released;\\dk-file03\g_data$\Group Production\HR - Beli Manastir\Drawings\PDF NAV\P153-090-138-STR_BM.pdf;168;168;167;167;0;1
2025-07-25;G-LINE;WO073248;SO027281;429038;KENDA GB Rugeley Ltd;WB 9.00x15.3 H2 6/161/205 Ø21.5 R16 ET20;Released;\\dk-file03\g_data$\Group Production\HR - Beli Manastir\Drawings\PDF NAV\W153-090-064-STR_BM.pdf;336;336;332;332;0;4
2025-07-25;G-LINE;WO073249;SO027281;429038;KENDA GB Rugeley Ltd;WB 9.00x15.3 H2 6/161/205 Ø21.5 R16 ET20;Firm Planned;\\dk-file03\g_data$\Group Production\HR - Beli Manastir\Drawings\PDF NAV\W153-090-064-STR_BM.pdf;336;0;0;0;0;336
2025-07-25;GS-MTM;WO073232;SO027281;613987;KENDA GB Rugeley Ltd;WB AG16.00x22.5 H2 5/290/335 Ø21.5 R22.4 ET-20;Released;\\dk-file03\g_data$\Group Production\HR - Beli Manastir\Drawings\PDF NAV\P225-160-123-STR_BM-1.pdf;80;80;64;63;1;17
2025-08-22;A-LINE;WO073658;SO027453;359687;KENDA GB Rugeley Ltd;WI GO 2.50Ax8 35,3x63,5;Released;\\dk-file03\g_data$\Group Production\HR - Beli Manastir\Drawings\PDF NAV\359687_BM.pdf;100;0;0;0;0;100
2025-08-22;A-LINE;WO073662;SO027453;493442;KENDA GB Rugeley Ltd;WI GO 2.50Ax8 35,3x63,5;Released;\\dk-file03\g_data$\Group Production\HR - Beli Manastir\Drawings\PDF NAV\493442_BM.pdf;405;0;0;0;0;405
2025-08-22;B-LINE;WO073657;SO027453;277318;KENDA GB Rugeley Ltd;WI EK 4.50Ix9 H2 35x66/78;Released;\\dk-file03\g_data$\Group Production\HR - Beli Manastir\Drawings\PDF NAV\277318_BM.pdf;540;0;0;0;0;540
2025-08-22;C-LINE;WO073659;SO027453;363523;KENDA GB Rugeley Ltd;WI GO 4.50Ax6 H2 35,3x62;Released;\\dk-file03\g_data$\Group Production\HR - Beli Manastir\Drawings\PDF NAV\WP-060-045-032_BM.pdf;100;0;0;0;0;100
2025-08-22;D-LINE;WO073668;SO027453;275963;KENDA GB Rugeley Ltd;WB AG16.00x22.5 H2 8/221/275 Ø21.5 R16 ET-12;Firm Planned;\\dk-file03\g_data$\Group Production\HR - Beli Manastir\Drawings\PDF NAV\W225-160-036-STR_BM-1.pdf;120;0;0;0;0;120
2025-08-22;E-LINE;WO073661;SO027453;385471;KENDA GB Rugeley Ltd;WB 6.00Ix10 H2 4/67/101.6 Ø12.5 C60 ET-3;Firm Planned;\\dk-file03\g_data$\Group Production\HR - Beli Manastir\Drawings\PDF NAV\W100-060-071-STR_BM.pdf;100;0;0;0;0;100
2025-08-22;E-LINE;WO073663;SO027453;613444;KENDA GB Rugeley Ltd;WB 6.00Ix10 H2 4/67/101.6 Ø12.5 R11 ET-3;Firm Planned;\\dk-file03\g_data$\Group Production\HR - Beli Manastir\Drawings\PDF NAV\P100-060-096-STR_BM.pdf;100;0;0;0;0;100
2025-08-22;F-LINE;WO073665;SO027453;614014;KENDA GB Rugeley Ltd;WB W13x20 H2 5/290/335 Ø21.5 R22.4 ET10;Firm Planned;\\dk-file03\g_data$\Group Production\HR - Beli Manastir\Drawings\PDF NAV\P200-130-054-STR_BM.pdf;120;0;0;0;0;120
2025-08-22;F-LINE;WO073673;SO027453;614564;KENDA GB Rugeley Ltd;WB W13x20 H2 8/221/275 Ø21.5 R16 ET-15;Firm Planned;\\dk-file03\g_data$\Group Production\HR - Beli Manastir\Drawings\PDF NAV\P200-130-055-STR_BM.pdf;160;0;0;0;0;160
2025-08-22;G-LINE;WO073666;SO027453;614052;KENDA GB Rugeley Ltd;WB 9.00x15.3 H2 6/161/205 Ø20 R16 ET-45;Firm Planned;\\dk-file03\g_data$\Group Production\HR - Beli Manastir\Drawings\PDF NAV\P153-090-138-STR_BM.pdf;224;0;0;0;0;224
2025-08-22;G-LINE;WO073669;SO027453;429038;KENDA GB Rugeley Ltd;WB 9.00x15.3 H2 6/161/205 Ø21.5 R16 ET20;Firm Planned;\\dk-file03\g_data$\Group Production\HR - Beli Manastir\Drawings\PDF NAV\W153-090-064-STR_BM.pdf;168;0;0;0;0;168
2025-08-22;G-LINE;WO073893;SO027513;713069;KENDA GB Rugeley Ltd;WB 9.00x15.3 H2 5/93/140 Ø16.5 ET-84;Firm Planned;\\dk-file03\g_data$\Group Production\HR - Beli Manastir\Drawings\PDF NAV\P153-090-164-STR_BM.pdf;38;0;0;0;0;38
2025-08-29;A-LINE;WO073667;SO027453;647715;KENDA GB Rugeley Ltd;WI GO 3.25Ax6 20x75;Released;\\dk-file03\g_data$\Group Production\HR - Beli Manastir\Drawings\PDF NAV\647715_BM.pdf;260;0;0;0;0;260
2025-08-29;E-LINE;WO072786;SO027179;108438;KENDA GB Rugeley Ltd;WB 10.50Ix12 H2 5/95/140 Ø18.5 R14 ET0;Firm Planned;\\dk-file03\g_data$\Group Production\HR - Beli Manastir\Drawings\PDF NAV\P120-105-288-STR_BM.pdf;150;0;0;0;0;150
2025-08-29;E-LINE;WO073655;SO027453;100630;KENDA GB Rugeley Ltd;WB 5.50Ix8 H2 4/67/101.6 Ø12.5 C60 ET0;Firm Planned;\\dk-file03\g_data$\Group Production\HR - Beli Manastir\Drawings\PDF NAV\P080-055-033-STR_BM.pdf;50;0;0;0;0;50
2025-08-29;F-LINE;WO073656;SO027453;275666;KENDA GB Rugeley Ltd;WB 9.00Wx18 H2 8/221/275 Ø21.5 R16 ET-8;Firm Planned;\\dk-file03\g_data$\Group Production\HR - Beli Manastir\Drawings\PDF NAV\W180-090-022-STR_BM.pdf;50;0;0;0;0;50
2025-08-29;F-LINE;WO073674;SO027453;614564;KENDA GB Rugeley Ltd;WB W13x20 H2 8/221/275 Ø21.5 R16 ET-15;Firm Planned;\\dk-file03\g_data$\Group Production\HR - Beli Manastir\Drawings\PDF NAV\P200-130-055-STR_BM.pdf;160;0;0;0;0;160
2025-08-29;G-LINE;WO073660;SO027453;381732;KENDA GB Rugeley Ltd;WB 6Jx16 H2 6/161/205 Ø21.5 R16 ET0;Firm Planned;\\dk-file03\g_data$\Group Production\HR - Beli Manastir\Drawings\PDF NAV\W160-060-003-STR_BM.pdf;120;0;0;0;0;120
2025-08-29;G-LINE;WO073670;SO027453;429038;KENDA GB Rugeley Ltd;WB 9.00x15.3 H2 6/161/205 Ø21.5 R16 ET20;Firm Planned;\\dk-file03\g_data$\Group Production\HR - Beli Manastir\Drawings\PDF NAV\W153-090-064-STR_BM.pdf;168;0;0;0;0;168
2025-08-29;G-LINE;WO073671;SO027453;494708;KENDA GB Rugeley Ltd;WB 9.00x15.3 H2 5/94/140 Ø18.5 R14 ET-35;Firm Planned;\\dk-file03\g_data$\Group Production\HR - Beli Manastir\Drawings\PDF NAV\W153-090-087-STR_BM.pdf;56;0;0;0;0;56
2025-08-29;G-LINE;WO073891;SO027512;381732;KENDA GB Rugeley Ltd;WB 6Jx16 H2 6/161/205 Ø21.5 R16 ET0;Firm Planned;\\dk-file03\g_data$\Group Production\HR - Beli Manastir\Drawings\PDF NAV\W160-060-003-STR_BM.pdf;40;0;0;0;0;40
2025-08-29;GS-MTM;WO073664;SO027453;613987;KENDA GB Rugeley Ltd;WB AG16.00x22.5 H2 5/290/335 Ø21.5 R22.4 ET-20;Firm Planned;\\dk-file03\g_data$\Group Production\HR - Beli Manastir\Drawings\PDF NAV\P225-160-123-STR_BM-1.pdf;120;0;0;0;0;120
2025-09-05;;(blank);SO027511;113715;KENDA GB Rugeley Ltd;WB W13x20 H2 8/221.5/275 Ø23.5 ET-15;(blank);\\dk-file03\g_data$\Group Production\HR - Beli Manastir\Drawings\PDF NAV\P200-130-104-STR_BM.pdf;180;0;0;0;0;180
2025-09-05;B-LINE;WO074104;SO027572;277318;KENDA GB Rugeley Ltd;WI EK 4.50Ix9 H2 35x66/78;Released;\\dk-file03\g_data$\Group Production\HR - Beli Manastir\Drawings\PDF NAV\277318_BM.pdf;540;0;0;0;0;540
2025-09-05;F-LINE;WO073889;SO027511;110813;KENDA GB Rugeley Ltd;WB W13x20 H2 5/290/335 Ø21.5 R22.4 ET10;Firm Planned;\\dk-file03\g_data$\Group Production\HR - Beli Manastir\Drawings\PDF NAV\P200-130-100-STR_BM.pdf;120;0;0;0;0;120
2025-09-05;F-LINE;WO073892;SO027513;108605;KENDA GB Rugeley Ltd;WB W11x18 H2 8/221/275 Ø21.5 R16 ET58;Firm Planned;\\dk-file03\g_data$\Group Production\HR - Beli Manastir\Drawings\PDF NAV\P180-110-093-STR_BM.pdf;13;0;0;0;0;13
2025-09-05;F-LINE;WO074119;SO027572;614014;KENDA GB Rugeley Ltd;WB W13x20 H2 5/290/335 Ø21.5 R22.4 ET10;Firm Planned;\\dk-file03\g_data$\Group Production\HR - Beli Manastir\Drawings\PDF NAV\P200-130-054-STR_BM.pdf;120;0;0;0;0;120
2025-09-05;G-LINE;WO074110;SO027572;429038;KENDA GB Rugeley Ltd;WB 9.00x15.3 H2 6/161/205 Ø21.5 R16 ET20;Firm Planned;\\dk-file03\g_data$\Group Production\HR - Beli Manastir\Drawings\PDF NAV\W153-090-064-STR_BM.pdf;112;0;0;0;0;112
2025-09-05;G-LINE;WO074125;SO027572;713069;KENDA GB Rugeley Ltd;WB 9.00x15.3 H2 5/93/140 Ø16.5 ET-84;Firm Planned;\\dk-file03\g_data$\Group Production\HR - Beli Manastir\Drawings\PDF NAV\P153-090-164-STR_BM.pdf;52;0;0;0;0;52
2025-09-05;GS-MTM;WO074117;SO027572;613987;KENDA GB Rugeley Ltd;WB AG16.00x22.5 H2 5/290/335 Ø21.5 R22.4 ET-20;Firm Planned;\\dk-file03\g_data$\Group Production\HR - Beli Manastir\Drawings\PDF NAV\P225-160-123-STR_BM-1.pdf;80;0;0;0;0;80
2025-09-12;B-LINE;WO073228;SO027281;309712;KENDA GB Rugeley Ltd;WI EK 3.50Dx8 H2 35x66/78;Firm Planned;\\dk-file03\g_data$\Group Production\HR - Beli Manastir\Drawings\PDF NAV\WP-080-035-002_BM.pdf;200;0;0;0;0;200
2025-09-12;C-LINE;WO074100;SO027572;274515;KENDA GB Rugeley Ltd;WB 2.50Ax8 H2 4/67/101.6 Ø11.5 C90 ET0;Released;\\dk-file03\g_data$\Group Production\HR - Beli Manastir\Drawings\PDF NAV\274515_BM.pdf;702;0;0;0;0;702
2025-09-12;D-LINE;WO074109;SO027572;275963;KENDA GB Rugeley Ltd;WB AG16.00x22.5 H2 8/221/275 Ø21.5 R16 ET-12;Firm Planned;\\dk-file03\g_data$\Group Production\HR - Beli Manastir\Drawings\PDF NAV\W225-160-036-STR_BM-1.pdf;80;0;0;0;0;80
2025-09-12;E-LINE;WO074103;SO027572;275475;KENDA GB Rugeley Ltd;WB 6.00Ix10 H2 5/65.5/112 Ø14 C60 ET0;Firm Planned;\\dk-file03\g_data$\Group Production\HR - Beli Manastir\Drawings\PDF NAV\W100-060-018-STR_BM.pdf;96;0;0;0;0;96
2025-09-12;E-LINE;WO074106;SO027572;515892;KENDA GB Rugeley Ltd;WB 8.5ATx8 H2 4/60/100 Ø14 C60 ET-2;Firm Planned;\\dk-file03\g_data$\Group Production\HR - Beli Manastir\Drawings\PDF NAV\W080-085-012-STR_BM.pdf;24;0;0;0;0;24
2025-09-12;E-LINE;WO074107;SO027572;613444;KENDA GB Rugeley Ltd;WB 6.00Ix10 H2 4/67/101.6 Ø12.5 R11 ET-3;Firm Planned;\\dk-file03\g_data$\Group Production\HR - Beli Manastir\Drawings\PDF NAV\P100-060-096-STR_BM.pdf;100;0;0;0;0;100
2025-09-12;E-LINE;WO074123;SO027572;713571;KENDA GB Rugeley Ltd;WB 10.50Ix12 H2 5/79.5/114.3 Ø12 C75 ET-25;Firm Planned;\\dk-file03\g_data$\Group Production\HR - Beli Manastir\Drawings\PDF NAV\W120-105-146-STR_BM.pdf;100;0;0;0;0;100
2025-09-12;F-LINE;WO074115;SO027572;113715;KENDA GB Rugeley Ltd;WB W13x20 H2 8/221.5/275 Ø23.5 ET-15;Firm Planned;\\dk-file03\g_data$\Group Production\HR - Beli Manastir\Drawings\PDF NAV\P200-130-104-STR_BM.pdf;80;0;0;0;0;80
2025-09-12;G-LINE;WO073250;SO027281;494708;KENDA GB Rugeley Ltd;WB 9.00x15.3 H2 5/94/140 Ø18.5 R14 ET-35;Firm Planned;\\dk-file03\g_data$\Group Production\HR - Beli Manastir\Drawings\PDF NAV\W153-090-087-STR_BM.pdf;112;0;0;0;0;112
2025-09-12;G-LINE;WO074111;SO027572;429038;KENDA GB Rugeley Ltd;WB 9.00x15.3 H2 6/161/205 Ø21.5 R16 ET20;Firm Planned;\\dk-file03\g_data$\Group Production\HR - Beli Manastir\Drawings\PDF NAV\W153-090-064-STR_BM.pdf;112;0;0;0;0;112
2025-09-12;G-LINE;WO074112;SO027572;429038;KENDA GB Rugeley Ltd;WB 9.00x15.3 H2 6/161/205 Ø21.5 R16 ET20;Firm Planned;\\dk-file03\g_data$\Group Production\HR - Beli Manastir\Drawings\PDF NAV\W153-090-064-STR_BM.pdf;112;0;0;0;0;112
2025-09-19;C-LINE;WO074101;SO027572;274522;KENDA GB Rugeley Ltd;WB 2.50Ax8 H2 4/85/115 Ø12.5 C90 ET0;Released;\\dk-file03\g_data$\Group Production\HR - Beli Manastir\Drawings\PDF NAV\274522_BM.pdf;500;0;0;0;0;500
2025-09-19;E-LINE;WO074105;SO027572;385471;KENDA GB Rugeley Ltd;WB 6.00Ix10 H2 4/67/101.6 Ø12.5 C60 ET-3;Firm Planned;\\dk-file03\g_data$\Group Production\HR - Beli Manastir\Drawings\PDF NAV\W100-060-071-STR_BM.pdf;100;0;0;0;0;100
2025-09-19;E-LINE;WO074108;SO027572;497433;KENDA GB Rugeley Ltd;WB 5Jx12 H2 5/94/140 Ø18.5 R14 ET0;Firm Planned;\\dk-file03\g_data$\Group Production\HR - Beli Manastir\Drawings\PDF NAV\W120-050-035-STR_BM.pdf;24;0;0;0;0;24
2025-09-19;E-LINE;WO074122;SO027572;713540;KENDA GB Rugeley Ltd;WB 7.00Bx8 H2 4/70/100 Ø13 ET-24;Firm Planned;\\dk-file03\g_data$\Group Production\HR - Beli Manastir\Drawings\PDF NAV\W080-070-033-STR_BM.pdf;100;0;0;0;0;100
2025-09-19;E-LINE;WO074124;SO027572;723846;KENDA GB Rugeley Ltd;WB 8.50Ix12 H2 5/71/152.4 Ø14 C60 ET60;Firm Planned;\\dk-file03\g_data$\Group Production\HR - Beli Manastir\Drawings\PDF NAV\W120-085-107-STR_BM.pdf;96;0;0;0;0;96
2025-09-19;F-LINE;WO074120;SO027572;614014;KENDA GB Rugeley Ltd;WB W13x20 H2 5/290/335 Ø21.5 R22.4 ET10;Firm Planned;\\dk-file03\g_data$\Group Production\HR - Beli Manastir\Drawings\PDF NAV\P200-130-054-STR_BM.pdf;120;0;0;0;0;120
2025-09-19;G-LINE;WO074113;SO027572;429038;KENDA GB Rugeley Ltd;WB 9.00x15.3 H2 6/161/205 Ø21.5 R16 ET20;Firm Planned;\\dk-file03\g_data$\Group Production\HR - Beli Manastir\Drawings\PDF NAV\W153-090-064-STR_BM.pdf;112;0;0;0;0;112
2025-09-19;G-LINE;WO074114;SO027572;494708;KENDA GB Rugeley Ltd;WB 9.00x15.3 H2 5/94/140 Ø18.5 R14 ET-35;Firm Planned;\\dk-file03\g_data$\Group Production\HR - Beli Manastir\Drawings\PDF NAV\W153-090-087-STR_BM.pdf;56;0;0;0;0;56
2025-09-19;G-LINE;WO074121;SO027572;676517;KENDA GB Rugeley Ltd;WB 9.00x15.3 H2 6/161/205 Ø21.5 R16 ET23;Firm Planned;\\dk-file03\g_data$\Group Production\HR - Beli Manastir\Drawings\PDF NAV\P153-090-157-STR_BM.pdf;56;0;0;0;0;56
2025-09-19;GS-MTM;WO074118;SO027572;613987;KENDA GB Rugeley Ltd;WB AG16.00x22.5 H2 5/290/335 Ø21.5 R22.4 ET-20;Firm Planned;\\dk-file03\g_data$\Group Production\HR - Beli Manastir\Drawings\PDF NAV\P225-160-123-STR_BM-1.pdf;80;0;0;0;0;80
2025-09-26;C-LINE;WO074102;SO027572;274522;KENDA GB Rugeley Ltd;WB 2.50Ax8 H2 4/85/115 Ø12.5 C90 ET0;Released;\\dk-file03\g_data$\Group Production\HR - Beli Manastir\Drawings\PDF NAV\274522_BM.pdf;553;0;0;0;0;553
2025-09-26;F-LINE;WO074116;SO027572;113715;KENDA GB Rugeley Ltd;WB W13x20 H2 8/221.5/275 Ø23.5 ET-15;Firm Planned;\\dk-file03\g_data$\Group Production\HR - Beli Manastir\Drawings\PDF NAV\P200-130-104-STR_BM.pdf;80;0;0;0;0;80
2025-10-03;A-LINE;WO074441;SO027650;542195;KENDA GB Rugeley Ltd;WI EK 2.50Ax8 25x63,5/71,5;Firm Planned;\\dk-file03\g_data$\Group Production\HR - Beli Manastir\Drawings\PDF NAV\WP-080-025-059_BM.pdf;100;0;0;0;0;100
2025-10-03;E-LINE;WO074436;SO027650;275475;KENDA GB Rugeley Ltd;WB 6.00Ix10 H2 5/65.5/112 Ø14 C60 ET0;Firm Planned;\\dk-file03\g_data$\Group Production\HR - Beli Manastir\Drawings\PDF NAV\W100-060-018-STR_BM.pdf;96;0;0;0;0;96
2025-10-03;F-LINE;WO074434;SO027650;113715;KENDA GB Rugeley Ltd;WB W13x20 H2 8/221.5/275 Ø23.5 ET-15;Firm Planned;\\dk-file03\g_data$\Group Production\HR - Beli Manastir\Drawings\PDF NAV\P200-130-104-STR_BM.pdf;100;0;0;0;0;100
2025-10-03;G-LINE;WO074143;SO027584;713069;KENDA GB Rugeley Ltd;WB 9.00x15.3 H2 5/93/140 Ø16.5 ET-84;Firm Planned;\\dk-file03\g_data$\Group Production\HR - Beli Manastir\Drawings\PDF NAV\P153-090-164-STR_BM.pdf;88;0;0;0;0;88
2025-10-03;G-LINE;WO074446;SO027650;713069;KENDA GB Rugeley Ltd;WB 9.00x15.3 H2 5/93/140 Ø16.5 ET-84;Firm Planned;\\dk-file03\g_data$\Group Production\HR - Beli Manastir\Drawings\PDF NAV\P153-090-164-STR_BM.pdf;168;0;0;0;0;168
2025-10-03;G-LINE;WO074449;SO027650;429038;KENDA GB Rugeley Ltd;WB 9.00x15.3 H2 6/161/205 Ø21.5 R16 ET20;Firm Planned;\\dk-file03\g_data$\Group Production\HR - Beli Manastir\Drawings\PDF NAV\W153-090-064-STR_BM.pdf;112;0;0;0;0;112
2025-10-10;A-LINE;WO074435;SO027650;262826;KENDA GB Rugeley Ltd;WI GO 2.50Ax8 35,3x63,5;Firm Planned;\\dk-file03\g_data$\Group Production\HR - Beli Manastir\Drawings\PDF NAV\262826_BM.pdf;405;0;0;0;0;405
2025-10-10;B-LINE;WO074437;SO027650;277318;KENDA GB Rugeley Ltd;WI EK 4.50Ix9 H2 35x66/78;Firm Planned;\\dk-file03\g_data$\Group Production\HR - Beli Manastir\Drawings\PDF NAV\277318_BM.pdf;360;0;0;0;0;360
2025-10-10;D-LINE;WO074447;SO027650;275963;KENDA GB Rugeley Ltd;WB AG16.00x22.5 H2 8/221/275 Ø21.5 R16 ET-12;Firm Planned;\\dk-file03\g_data$\Group Production\HR - Beli Manastir\Drawings\PDF NAV\W225-160-036-STR_BM-1.pdf;120;0;0;0;0;120
2025-10-10;F-LINE;WO074444;SO027650;614564;KENDA GB Rugeley Ltd;WB W13x20 H2 8/221/275 Ø21.5 R16 ET-15;Firm Planned;\\dk-file03\g_data$\Group Production\HR - Beli Manastir\Drawings\PDF NAV\P200-130-055-STR_BM.pdf;160;0;0;0;0;160
2025-10-10;G-LINE;WO074443;SO027650;614052;KENDA GB Rugeley Ltd;WB 9.00x15.3 H2 6/161/205 Ø20 R16 ET-45;Firm Planned;\\dk-file03\g_data$\Group Production\HR - Beli Manastir\Drawings\PDF NAV\P153-090-138-STR_BM.pdf;112;0;0;0;0;112
2025-10-10;G-LINE;WO074450;SO027650;429038;KENDA GB Rugeley Ltd;WB 9.00x15.3 H2 6/161/205 Ø21.5 R16 ET20;Firm Planned;\\dk-file03\g_data$\Group Production\HR - Beli Manastir\Drawings\PDF NAV\W153-090-064-STR_BM.pdf;112;0;0;0;0;112
2025-10-17;A-LINE;WO074439;SO027650;359687;KENDA GB Rugeley Ltd;WI GO 2.50Ax8 35,3x63,5;Firm Planned;\\dk-file03\g_data$\Group Production\HR - Beli Manastir\Drawings\PDF NAV\359687_BM.pdf;100;0;0;0;0;100
2025-10-17;B-LINE;WO074438;SO027650;294384;KENDA GB Rugeley Ltd;WB 5.50Ax8 H2 4/60/100 Ø14.5 C60 ET0;Firm Planned;\\dk-file03\g_data$\Group Production\HR - Beli Manastir\Drawings\PDF NAV\WP-080-055-004_BM.pdf;200;0;0;0;0;200
2025-10-17;F-LINE;WO074445;SO027650;614564;KENDA GB Rugeley Ltd;WB W13x20 H2 8/221/275 Ø21.5 R16 ET-15;Firm Planned;\\dk-file03\g_data$\Group Production\HR - Beli Manastir\Drawings\PDF NAV\P200-130-055-STR_BM.pdf;160;0;0;0;0;160
2025-10-17;G-LINE;WO074451;SO027650;429038;KENDA GB Rugeley Ltd;WB 9.00x15.3 H2 6/161/205 Ø21.5 R16 ET20;Firm Planned;\\dk-file03\g_data$\Group Production\HR - Beli Manastir\Drawings\PDF NAV\W153-090-064-STR_BM.pdf;112;0;0;0;0;112
2025-10-24;B-LINE;WO074440;SO027650;365190;KENDA GB Rugeley Ltd;WI GO 5.50Ax8 H2 35,3x76;Firm Planned;\\dk-file03\g_data$\Group Production\HR - Beli Manastir\Drawings\PDF NAV\WP-080-055-038_BM.pdf;200;0;0;0;0;200
2025-10-24;D-LINE;WO074448;SO027650;275963;KENDA GB Rugeley Ltd;WB AG16.00x22.5 H2 8/221/275 Ø21.5 R16 ET-12;Firm Planned;\\dk-file03\g_data$\Group Production\HR - Beli Manastir\Drawings\PDF NAV\W225-160-036-STR_BM-1.pdf;120;0;0;0;0;120
2025-10-24;E-LINE;WO074442;SO027650;613444;KENDA GB Rugeley Ltd;WB 6.00Ix10 H2 4/67/101.6 Ø12.5 R11 ET-3;Firm Planned;\\dk-file03\g_data$\Group Production\HR - Beli Manastir\Drawings\PDF NAV\P100-060-096-STR_BM.pdf;100;0;0;0;0;100
2025-10-24;G-LINE;WO074452;SO027650;429038;KENDA GB Rugeley Ltd;WB 9.00x15.3 H2 6/161/205 Ø21.5 R16 ET20;Firm Planned;\\dk-file03\g_data$\Group Production\HR - Beli Manastir\Drawings\PDF NAV\W153-090-064-STR_BM.pdf;112;0;0;0;0;112
