Month;Posting Date;No.;Customer;invoice amount;ship cost;sales
1;13.1.2025;SI013054;STIGA S.p.A.;37510;0; 37.510  € 
1;13.1.2025;SI013055;STIGA S.p.A.;32665,6;0; 32.666  € 
1;14.1.2025;SI013060;KENDA Deutschland GmbH;34933,63;-1885; 33.049  € 
1;14.1.2025;SI013059;STIGA S.p.A.;32528,4;0; 32.528  € 
1;15.1.2025;SI013063;STIGA S.p.A.;42084,4;0; 42.084  € 
1;15.1.2025;SI013062;BOHNENKAMP A/S;20720,55;0; 20.721  € 
1;16.1.2025;SI013064;AGATTACH;4702,68;0; 4.703  € 
1;17.1.2025;SI013069;KENDA Deutschland GmbH;5190,71;0; 5.191  € 
1;17.1.2025;SI013070;KENDA Polska Sp. z.o.o.;51933,09;0; 51.933  € 
1;17.1.2025;SI013068;BOHNENKAMP A/S;17928,51;0; 17.929  € 
1;20.1.2025;SI013073;KENDA Schweiz AG;480,26;0; 480  € 
1;21.1.2025;SI013078;STIGA S.p.A.;21547,6;0; 21.548  € 
1;21.1.2025;SI013079;Bohnenkamp SIA;28031,84;0; 28.032  € 
1;22.1.2025;SI013081;KENDA Polska Sp. z.o.o.;55681,46;0; 55.681  € 
1;23.1.2025;SI013082;KENDA GB Rugeley Ltd;48214,86;-3550; 44.665  € 
1;23.1.2025;SI013083;KENDA GB Rugeley Ltd;86;0; 86  € 
1;24.1.2025;SI013090;KENDA Deutschland GmbH;47267,17;-1885; 45.382  € 
1;24.1.2025;SI013091;BOHNENKAMP SE;32554,87;-1500; 31.055  € 
1;27.1.2025;SI013093;STIGA S.p.A.;33264;0; 33.264  € 
1;27.1.2025;SI013092;Jodika d.o.o.;206,07;0; 206  € 
1;28.1.2025;SI013094;KENDA Deutschland GmbH;53661,99;-1885; 51.777  € 
1;29.1.2025;SI013100;Ammann Czech Republic s.r.o.;4758,15;0; 4.758  € 
1;29.1.2025;SI013099;GRASDORF KOLA POLSKA Sp. z.o.o.;800;-800; -    € 
1;29.1.2025;SI013097;Monitor Manufacturing;21408,7;0; 21.409  € 
1;29.1.2025;SI013098;Monitor Manufacturing;4613,36;-4426,98; 186  € 
1;30.1.2025;SI013103;KENDA Polska Sp. z.o.o.;50374,81;0; 50.375  € 
1;31.1.2025;SI013112;KENDA GB Rugeley Ltd;47754,96;-3570; 44.185  € 
1;31.1.2025;SI013106;KENDA België NV;36364,72;-1970; 34.395  € 
1;31.1.2025;SI013114;KENDA Deutschland GmbH;47558,66;-1885; 45.674  € 
1;31.1.2025;SI013115;KENDA Polska Sp. z.o.o.;29467,77;0; 29.468  € 
1;31.1.2025;SI013108;KENDA Schweiz AG;33911,23;-2200; 31.711  € 
1;31.1.2025;SI013109;KENDA Schweiz AG;2549,84;0; 2.550  € 
1;31.1.2025;SI013107;STIGA S.p.A.;33353,2;0; 33.353  € 
1;31.1.2025;SI013113;STIGA S.p.A.;35131,6;0; 35.132  € 
1;31.1.2025;SI013118;ROSENBAUER INTERNATIONAL AG;33679,11;0; 33.679  € 
1;31.1.2025;SI013116;Bohnenkamp Benelux BV;9220,05;-750; 8.470  € 
1;31.1.2025;SI013119;Evolution S.r.l.;29533,73;-900; 28.634  € 
2;3.2.2025;SI013121;Evolution S.r.l.;245,76;0; 246  € 
2;4.2.2025;SI013122;STIGA S.p.A.;47059,2;0; 47.059  € 
2;5.2.2025;SI013123;KENDA België NV;1970;-1970; -    € 
2;5.2.2025;SI013126;STIGA S.p.A.;40118,4;0; 40.118  € 
2;7.2.2025;SI013128;KENDA GB Rugeley Ltd;48819,73;-3570; 45.250  € 
2;7.2.2025;SI013130;KENDA Deutschland GmbH;51121,79;-1885; 49.237  € 
2;8.2.2025;SI013131;KENDA Polska Sp. z.o.o.;56401,95;0; 56.402  € 
2;10.2.2025;SI013132;STIGA S.p.A.;32625,6;0; 32.626  € 
2;11.2.2025;SI013134;STIGA S.p.A.;31078,4;0; 31.078  € 
2;11.2.2025;SI013133;ROSENBAUER INTERNATIONAL AG;16598,5;0; 16.599  € 
2;12.2.2025;SI013135;KENDA Deutschland GmbH;45188,47;-1885; 43.303  € 
2;13.2.2025;SI013145;STIGA S.p.A.;12628;0; 12.628  € 
2;14.2.2025;SI013148;KENDA Deutschland GmbH;54067,16;-1885; 52.182  € 
2;14.2.2025;SI013146;KENDA Polska Sp. z.o.o.;58472,46;0; 58.472  € 
2;15.2.2025;SI013149;KENDA Polska Sp. z.o.o.;28890,92;0; 28.891  € 
2;17.2.2025;SI013150;SOMAC;5790,36;-900; 4.890  € 
2;18.2.2025;SI013152;ROSENBAUER INTERNATIONAL AG;45061,04;0; 45.061  € 
2;18.2.2025;SI013154;BOHNENKAMP AB;726,18;0; 726  € 
2;18.2.2025;SI013153;BOHNENKAMP A/S;52256,02;0; 52.256  € 
2;18.2.2025;SI013155;STIGA S.p.A. spare-parts ;7209,04;0; 7.209  € 
2;19.2.2025;SI013165;STIGA S.p.A.;7560;0; 7.560  € 
2;19.2.2025;SI013166;STIGA S.p.A.;10579,97;0; 10.580  € 
2;20.2.2025;SI013167;KENDA Deutschland GmbH;48624,57;-1885; 46.740  € 
2;21.2.2025;SI013168;KENDA GB Rugeley Ltd;45271,33;-3570; 41.701  € 
2;21.2.2025;SI013174;KENDA Polska Sp. z.o.o.;12025,15;0; 12.025  € 
2;21.2.2025;SI013169;KENDA Schweiz AG;32203,82;-2200; 30.004  € 
2;21.2.2025;SI013170;KENDA Schweiz AG;1176,24;0; 1.176  € 
2;21.2.2025;SI013172;STIGA S.p.A.;13305,6;0; 13.306  € 
2;21.2.2025;SI013173;STIGA S.p.A.;49737,6;0; 49.738  € 
2;21.2.2025;SI013171;ZIEHL-ABEGG Automotive GmbH & Co.;1888,89;0; 1.889  € 
2;22.2.2025;SI013175;KENDA Polska Sp. z.o.o.;45511,24;-1340; 44.171  € 
2;25.2.2025;SI013182;KENDA Deutschland GmbH;45672,91;-1885; 43.788  € 
2;25.2.2025;SI013183;KENDA Deutschland GmbH;2337,08;0; 2.337  € 
2;25.2.2025;SI013177;Rosenbauer Motors, LLC;10616,16;0; 10.616  € 
2;25.2.2025;SI013178;Rosenbauer Motors, LLC;12128,88;0; 12.129  € 
2;26.2.2025;SI013184;KENDA Polska Sp. z.o.o.;45240,39;0; 45.240  € 
2;27.2.2025;SI013188;KENDA Deutschland GmbH;38916,79;-1885; 37.032  € 
2;27.2.2025;SI013185;SODIJANTES INDUSTRIE SAS;52765,5;0; 52.766  € 
2;28.2.2025;SI013198;KENDA België NV;37365,75;-1980; 35.386  € 
2;28.2.2025;SI013194;KENDA Polska Sp. z.o.o.;46707,22;-1340; 45.367  € 
2;28.2.2025;SI013199;KENDA Polska Sp. z.o.o.;289,6;0; 290  € 
2;28.2.2025;SI013189;KENDA Schweiz AG;22383,85;-2200; 20.184  € 
2;28.2.2025;SI013192;KENDA Schweiz AG;280,22;0; 280  € 
2;28.2.2025;SI013190;Franz Trinker Räderproduktion GmbH;9468,72;0; 9.469  € 
2;28.2.2025;SI013191;STIGA S.p.A.;32152,2;0; 32.152  € 
2;28.2.2025;SI013193;STIGA S.p.A.;7350,6;0; 7.351  € 
2;28.2.2025;SI013196;Ammann Czech Republic s.r.o.;5140,08;0; 5.140  € 
2;28.2.2025;SI013195;BOHNENKAMP s.r.o.;14730,78;0; 14.731  € 
2;28.2.2025;SI013197;Bohnenkamp Kft.;3327,3;0; 3.327  € 
3;3.3.2025;SI013202;KENDA Polska Sp. z.o.o.;1303,62;0; 1.304  € 
3;3.3.2025;SI013201;STIGA S.p.A.;10445,74;-1090; 9.356  € 
3;4.3.2025;SI013203;STIGA S.p.A.;37497,6;0; 37.498  € 
3;4.3.2025;SI013207;BOHNENKAMP A/S;27894,66;0; 27.895  € 
3;5.3.2025;SI013208;KENDA Polska Sp. z.o.o.;47123,91;-1340; 45.784  € 
3;5.3.2025;SI013206;ZIEHL-ABEGG Automotive GmbH & Co.;6264,13;0; 6.264  € 
3;5.3.2025;SI013204;Monitor Manufacturing;541,06;0; 541  € 
3;6.3.2025;SI013219;KENDA Deutschland GmbH;45152,67;-1885; 43.268  € 
3;6.3.2025;SI013210;STIGA S.p.A.;6123,2;0; 6.123  € 
3;6.3.2025;SI013211;BOHNENKAMP s.r.o.;241,92;0; 242  € 
3;7.3.2025;SI013222;KENDA GB Rugeley Ltd;42093,94;-3570; 38.524  € 
3;7.3.2025;SI013224;KENDA België NV;3536,58;-500; 3.037  € 
3;7.3.2025;SI013225;STIGA S.p.A.;34575,2;0; 34.575  € 
3;8.3.2025;SI013227;KENDA Deutschland GmbH;30284,63;-1885; 28.400  € 
3;8.3.2025;SI013226;KENDA Polska Sp. z.o.o.;2211,08;-700; 1.511  € 
3;8.3.2025;SI013231;KENDA Polska Sp. z.o.o.;25113,26;-1340; 23.773  € 
3;10.3.2025;SI013230;STIGA S.p.A.;12560;0; 12.560  € 
3;11.3.2025;SI013236;KENDA Deutschland GmbH;3112,88;-1300; 1.813  € 
3;11.3.2025;SI013237;KENDA Schweiz AG;1209;0; 1.209  € 
3;11.3.2025;SI013238;KENDA Schweiz AG;26900,09;-2200; 24.700  € 
3;11.3.2025;SI013232;Grasdorf Rad  GmbH;0;0; -    € 
3;11.3.2025;SI013234;Grasdorf Rad  GmbH;15238,54;0; 15.239  € 
3;11.3.2025;SI013233;GRASDORF GmbH;4860,41;0; 4.860  € 
3;11.3.2025;SI013235;FRANZ ACHLEITNER;1071,24;0; 1.071  € 
3;12.3.2025;SI013240;GRASDORF KOLA POLSKA Sp. z.o.o.;18810,19;0; 18.810  € 
3;13.3.2025;SI013246;Forrim bv;20186,43;-1200; 18.986  € 
3;14.3.2025;SI013248;KENDA GB Rugeley Ltd;39656,89;-3570; 36.087  € 
3;14.3.2025;SI013247;KENDA Deutschland GmbH;59247,27;-1885; 57.362  € 
3;17.3.2025;SI013260;KENDA France SAS;4739,28;-365; 4.374  € 
3;17.3.2025;SI013259;KENDA Deutschland GmbH;4400,5;0; 4.401  € 
3;17.3.2025;SI013249;KENDA Polska Sp. z.o.o.;54771,88;-1340; 53.432  € 
3;17.3.2025;SI013257;KENDA Polska Sp. z.o.o.;1126,89;0; 1.127  € 
3;17.3.2025;SI013252;STIGA S.p.A.;40953,2;-1095; 39.858  € 
3;17.3.2025;SI013256;STIGA S.p.A.;21053,4;-1095; 19.958  € 
3;17.3.2025;SI013251;Bohnenkamp SIA;6469,77;0; 6.470  € 
3;17.3.2025;SI013253;Bohnenkamp Kft.;461,25;0; 461  € 
3;18.3.2025;SI013258;KENDA Deutschland GmbH;41029,56;-1885; 39.145  € 
3;19.3.2025;SI013263;KENDA Polska Sp. z.o.o.;45986,59;-1340; 44.647  € 
3;19.3.2025;SI013262;KENDA Manufacturing HR d.o.o. - radnici ;15;0; 15  € 
3;19.3.2025;SI013261;STIGA S.p.A.;21053,4;-1095; 19.958  € 
3;21.3.2025;SI013270;KENDA Deutschland GmbH;58784,64;-1885; 56.900  € 
3;21.3.2025;SI013272;STIGA S.p.A.;36718,2;-1095; 35.623  € 
3;24.3.2025;SI013275;KENDA GB Rugeley Ltd;21260;-1785; 19.475  € 
3;24.3.2025;SI013273;KENDA Deutschland GmbH;30608,36;-1885; 28.723  € 
3;24.3.2025;SI013274;KENDA Polska Sp. z.o.o.;19299,4;0; 19.299  € 
3;25.3.2025;SI013277;KENDA Polska Sp. z.o.o.;2963,16;0; 2.963  € 
3;25.3.2025;SI013276;Bohnenkamp Kft.;737,04;0; 737  € 
3;27.3.2025;SI013286;KENDA Deutschland GmbH;46127,46;-1885; 44.242  € 
3;27.3.2025;SI013285;KENDA Polska Sp. z.o.o.;53073,58;0; 53.074  € 
3;27.3.2025;SI013281;KENDA Schweiz AG;5605,28;0; 5.605  € 
3;27.3.2025;SI013282;KENDA Schweiz AG;37503,79;-2200; 35.304  € 
3;27.3.2025;SI013280;STIGA S.p.A.;39916,8;0; 39.917  € 
3;27.3.2025;SI013279;BOHNENKAMP SE;33205,53;-1400; 31.806  € 
3;28.3.2025;SI013289;KENDA GB Rugeley Ltd;48534,14;-3570; 44.964  € 
3;28.3.2025;SI013292;STIGA S.p.A.;16167;-1095; 15.072  € 
3;28.3.2025;SI013293;ROSENBAUER INTERNATIONAL AG;28641,42;0; 28.641  € 
3;28.3.2025;SI013287;GRASDORF GmbH;0;0; -    € 
3;28.3.2025;SI013290;GRASDORF GmbH;1346,08;0; 1.346  € 
3;28.3.2025;SI013288;Bohnenkamp Kft.;16439,82;-570; 15.870  € 
3;29.3.2025;SI013294;KENDA Deutschland GmbH;524,37;0; 524  € 
3;29.3.2025;SI013295;KENDA Deutschland GmbH;41515,78;-1885; 39.631  € 
3;31.3.2025;SI013302;Bohnenkamp Benelux BV;17346,54;-1000; 16.347  € 
3;31.3.2025;SI013301;BOHNENKAMP A/S;37902,04;0; 37.902  € 
3;31.3.2025;SI013303;BOHNENKAMP A/S;11654,28;0; 11.654  € 
3;31.3.2025;SI013299;ZIEHL-ABEGG Automotive GmbH & Co.;6264,13;0; 6.264  € 
3;31.3.2025;SI013300;OFFICINE BREVETTI CARON S.R.L.;8196,05;-500; 7.696  € 
4;1.4.2025;SI013306;KENDA Polska Sp. z.o.o.;55467,22;-1340; 54.127  € 
4;2.4.2025;SI013307;KENDA Deutschland GmbH;47474,75;-1885; 45.590  € 
4;2.4.2025;SI013308;STIGA S.p.A.;11645,4;-1095; 10.550  € 
4;4.4.2025;SI013309;STIGA S.p.A.;527,63;-527,63; -    € 
4;4.4.2025;SI013310;STIGA S.p.A. spare-parts ;6781,25;0; 6.781  € 
4;5.4.2025;SI013312;KENDA Deutschland GmbH;1106,11;0; 1.106  € 
4;5.4.2025;SI013313;KENDA Deutschland GmbH;45901,48;-1885; 44.016  € 
4;5.4.2025;SI013311;KENDA Polska Sp. z.o.o.;47010,77;0; 47.011  € 
4;8.4.2025;SI013315;KENDA GB Rugeley Ltd;36346,7;-3570; 32.777  € 
4;9.4.2025;SI013320;KENDA België NV;18743,31;-1300; 17.443  € 
4;9.4.2025;SI013318;KENDA Polska Sp. z.o.o.;22305,51;-1340; 20.966  € 
4;9.4.2025;SI013319;STIGA S.p.A.;13282,2;0; 13.282  € 
4;9.4.2025;SI013322;STIGA S.p.A.;32477,4;-1095; 31.382  € 
4;10.4.2025;SI013324;KENDA Deutschland GmbH;52913,43;-1885; 51.028  € 
4;10.4.2025;SI013333;STIGA S.p.A.;30730,2;-1095; 29.635  € 
4;11.4.2025;SI013334;STIGA S.p.A.;32691,6;0; 32.692  € 
4;12.4.2025;SI013336;KENDA Deutschland GmbH;35512,86;-1885; 33.628  € 
4;12.4.2025;SI013335;KENDA Polska Sp. z.o.o.;40474,94;0; 40.475  € 
4;14.4.2025;SI013338;KENDA Schweiz AG;7370,44;0; 7.370  € 
4;14.4.2025;SI013339;KENDA Schweiz AG;20223,84;-2200; 18.024  € 
4;15.4.2025;SI013341;STIGA S.p.A.;35372,2;0; 35.372  € 
4;17.4.2025;SI013347;KENDA Deutschland GmbH;49529,97;-1885; 47.645  € 
4;17.4.2025;SI013344;KENDA Polska Sp. z.o.o.;56550,77;0; 56.551  € 
4;17.4.2025;SI013345;KENDA Schweiz AG;380,84;0; 381  € 
4;17.4.2025;SI013343;AGROMEHANIKA;4518,81;0; 4.519  € 
4;18.4.2025;SI013348;KENDA GB Rugeley Ltd;80;0; 80  € 
4;18.4.2025;SI013349;KENDA GB Rugeley Ltd;51396,59;-3570; 47.827  € 
4;18.4.2025;SI013346;STIGA S.p.A.;35372,2;0; 35.372  € 
4;22.4.2025;SI013356;STIGA S.p.A.;16147,4;-1095; 15.052  € 
4;22.4.2025;SI013357;BOHNENKAMP A/S;35579,17;0; 35.579  € 
4;23.4.2025;SI013359;KENDA Deutschland GmbH;49636,16;-1885; 47.751  € 
4;24.4.2025;SI013362;KENDA Polska Sp. z.o.o.;42717,46;-1340; 41.377  € 
4;25.4.2025;SI013363;KENDA Polska Sp. z.o.o.;2319,12;0; 2.319  € 
4;25.4.2025;SI013366;KENDA Schweiz AG;33834,85;-2200; 31.635  € 
4;25.4.2025;SI013365;BOHNENKAMP AB;647,73;0; 648  € 
4;25.4.2025;SI013364;BOHNENKAMP A/S;1756,08;0; 1.756  € 
4;28.4.2025;SI013369;KENDA GB Rugeley Ltd;53906,06;-3570; 50.336  € 
4;28.4.2025;SI013371;KENDA Deutschland GmbH;33859,49;-1885; 31.974  € 
4;28.4.2025;SI013368;KENDA Polska Sp. z.o.o.;48355,25;0; 48.355  € 
4;28.4.2025;SI013370;STIGA S.p.A.;35573,24;0; 35.573  € 
4;30.4.2025;SI013379;KENDA België NV;8537,07;-1300; 7.237  € 
4;30.4.2025;SI013388;KENDA Deutschland GmbH;45287,5;-1885; 43.403  € 
4;30.4.2025;SI013385;KENDA Polska Sp. z.o.o.;45257,29;-1340; 43.917  € 
4;30.4.2025;SI013377;KENDA Schweiz AG;8401,48;0; 8.401  € 
4;30.4.2025;SI013378;KENDA Schweiz AG;35254,15;-2200; 33.054  € 
4;30.4.2025;SI013384;BOHNENKAMP SE;1487,34;-175; 1.312  € 
4;30.4.2025;SI013376;SOMAC;28528,94;-2300; 26.229  € 
4;30.4.2025;SI013381;SOMAC;18518,04;0; 18.518  € 
4;30.4.2025;SI013382;BOHNENKAMP s.r.o.;2875,08;0; 2.875  € 
4;30.4.2025;SI013380;Bohnenkamp Benelux BV;9362,86;-600; 8.763  € 
4;30.4.2025;SI013383;Bohnenkamp Kft.;2095,2;0; 2.095  € 
4;30.4.2025;SI013386;Evolution S.r.l.;16433,65;-700; 15.734  € 
4;30.4.2025;SI013387;Maschinenfabrik Bernard Krone GmbH & Co. KG;26571,6;0; 26.572  € 
5;6.5.2025;SI013392;BOHNENKAMP A/S;10273,19;0; 10.273  € 
5;7.5.2025;SI013394;KENDA België NV;28605,63;-1400; 27.206  € 
5;7.5.2025;SI013393;STIGA S.p.A.;19404;0; 19.404  € 
5;8.5.2025;SI013396;KENDA Deutschland GmbH;46969,18;-1885; 45.084  € 
5;8.5.2025;SI013395;KENDA Polska Sp. z.o.o.;52693,36;0; 52.693  € 
5;9.5.2025;SI013407;ROSENBAUER INTERNATIONAL AG;56275,24;0; 56.275  € 
5;12.5.2025;SI013402;KENDA Deutschland GmbH;36296,13;-1885; 34.411  € 
5;12.5.2025;SI013404;KENDA Polska Sp. z.o.o.;28165,86;0; 28.166  € 
5;12.5.2025;SI013406;KENDA Schweiz AG;34116,75;-2200; 31.917  € 
5;12.5.2025;SI013403;STIGA S.p.A.;19593,6;0; 19.594  € 
5;12.5.2025;SI013401;ROSENBAUER INTERNATIONAL AG;0;0; -    € 
5;13.5.2025;SI013408;KENDA GB Rugeley Ltd;58505,97;-3570; 54.936  € 
5;13.5.2025;SI013410;KENDA GB Rugeley Ltd;110,64;0; 111  € 
5;13.5.2025;SI013411;KENDA Polska Sp. z.o.o.;3155,16;0; 3.155  € 
5;13.5.2025;SI013409;STIGA S.p.A.;26319,6;-1090; 25.230  € 
5;14.5.2025;SI013412;KENDA Polska Sp. z.o.o.;55765,56;-1340; 54.426  € 
5;14.5.2025;SI013413;AGRO METAL;8690,31;0; 8.690  € 
5;15.5.2025;SI013416;KENDA GB Rugeley Ltd;30459,31;-1785; 28.674  € 
5;15.5.2025;SI013414;KENDA Deutschland GmbH;384,36;0; 384  € 
5;15.5.2025;SI013415;KENDA Polska Sp. z.o.o.;4121,91;-900; 3.222  € 
5;16.5.2025;SI013418;KENDA Deutschland GmbH;29324,81;-942,5; 28.382  € 
5;16.5.2025;SI013423;KENDA Schweiz AG;4535;0; 4.535  € 
5;16.5.2025;SI013424;KENDA Schweiz AG;18108,02;-2200; 15.908  € 
5;16.5.2025;SI013420;STIGA S.p.A.;26240;-1090; 25.150  € 
5;19.5.2025;SI013426;KENDA Polska Sp. z.o.o.;52652,04;0; 52.652  € 
5;19.5.2025;SI013427;STIGA S.p.A.;21981;0; 21.981  € 
5;20.5.2025;SI013428;STIGA S.p.A.;11347,8;-1090; 10.258  € 
5;20.5.2025;SI013429;STIGA S.p.A.;15700;0; 15.700  € 
5;20.5.2025;SI013431;Ammann Czech Republic s.r.o.;5946,76;0; 5.947  € 
5;21.5.2025;SI013432;STIGA S.p.A.;26771,8;-1090; 25.682  € 
5;22.5.2025;SI013433;KENDA Polska Sp. z.o.o.;53287,93;-1340; 51.948  € 
5;22.5.2025;SI013434;STIGA S.p.A.;18078,2;-1090; 16.988  € 
5;23.5.2025;SI013446;KENDA GB Rugeley Ltd;49868,53;-3570; 46.299  € 
5;23.5.2025;SI013443;KENDA Deutschland GmbH;53864,4;-1885; 51.979  € 
5;23.5.2025;SI013442;STIGA S.p.A.;17633,4;-1090; 16.543  € 
5;24.5.2025;SI013448;KENDA Polska Sp. z.o.o.;35031,73;0; 35.032  € 
5;27.5.2025;SI013450;KENDA Deutschland GmbH;22003,43;-940; 21.063  € 
5;27.5.2025;SI013453;KENDA Polska Sp. z.o.o.;2340;0; 2.340  € 
5;27.5.2025;SI013449;KENDA Schweiz AG;18674,59;-1100; 17.575  € 
5;27.5.2025;SI013452;STIGA S.p.A.;25409,6;-1090; 24.320  € 
5;29.5.2025;SI013464;KENDA GB Rugeley Ltd;21749,59;-1785; 19.965  € 
5;29.5.2025;SI013465;KENDA België NV;18458,08;-1400; 17.058  € 
5;29.5.2025;SI013458;KENDA Deutschland GmbH;4502,45;0; 4.502  € 
5;29.5.2025;SI013456;KENDA Polska Sp. z.o.o.;55188,16;0; 55.188  € 
5;29.5.2025;SI013462;KENDA Schweiz AG;1318,53;0; 1.319  € 
5;29.5.2025;SI013467;STIGA S.p.A.;31687,36;-1090; 30.597  € 
5;29.5.2025;SI013457;BOHNENKAMP A/S;38626,03;0; 38.626  € 
5;29.5.2025;SI013463;Bohnenkamp SIA;31707,6;0; 31.708  € 
5;29.5.2025;SI013466;Maschinenfabrik Bernard Krone GmbH & Co. KG;2985,16;-500; 2.485  € 
5;31.5.2025;SI013468;KENDA Deutschland GmbH;24468,02;-940; 23.528  € 
5;31.5.2025;SI013471;KENDA Deutschland GmbH;16628,68;-940; 15.689  € 
5;31.5.2025;SI013470;KENDA Polska Sp. z.o.o.;2933,37;0; 2.933  € 
5;31.5.2025;SI013472;ROSENBAUER INTERNATIONAL AG;34769,38;0; 34.769  € 
5;31.5.2025;SI013473;Grasdorf Rad  GmbH;20827,17;0; 20.827  € 
5;31.5.2025;SI013474;GRASDORF GmbH;7797,01;0; 7.797  € 
5;31.5.2025;SI013469;Avant Tecno Oy;17744,51;0; 17.745  € 
6;4.6.2025;SI013482;KENDA Polska Sp. z.o.o.;58547,39;-1340; 57.207  € 
6;5.6.2025;SI013483;KENDA Deutschland GmbH;47628,2;-1880; 45.748  € 
6;6.6.2025;SI013484;KENDA GB Rugeley Ltd;55731,32;-3570; 52.161  € 
6;9.6.2025;SI013489;KENDA Deutschland GmbH;51805;-1880; 49.925  € 
6;9.6.2025;SI013488;KENDA Polska Sp. z.o.o.;47900,47;0; 47.900  € 
6;9.6.2025;SI013490;KENDA Schweiz AG;22437,08;-2200; 20.237  € 
6;9.6.2025;SI013491;KENDA Schweiz AG;7068,65;0; 7.069  € 
6;10.6.2025;SI013494;HITTNER d.o.o.;830,48;0; 830  € 
6;10.6.2025;SI013492;STIGA S.p.A.;26524,8;0; 26.525  € 
6;11.6.2025;SI013495;KENDA Deutschland GmbH;1775,97;-500; 1.276  € 
6;11.6.2025;SI013496;KENDA Polska Sp. z.o.o.;51945;-1340; 50.605  € 
6;12.6.2025;SI013498;KENDA Deutschland GmbH;31985,95;-1880; 30.106  € 
6;12.6.2025;SI013497;STIGA S.p.A.;20290;-1200; 19.090  € 
6;13.6.2025;SI013506;KENDA GB Rugeley Ltd;39740,87;-3570; 36.171  € 
6;13.6.2025;SI013502;KENDA Deutschland GmbH;440;0; 440  € 
6;13.6.2025;SI013500;STIGA S.p.A.;10650;-1090; 9.560  € 
6;13.6.2025;SI013503;OFFICINE BREVETTI CARON S.R.L.;3418,52;-500; 2.919  € 
6;16.6.2025;SI013510;KENDA Deutschland GmbH;30096,03;-1880; 28.216  € 
6;16.6.2025;SI013511;KENDA Polska Sp. z.o.o.;3879,75;0; 3.880  € 
6;16.6.2025;SI013512;KENDA Polska Sp. z.o.o.;40776,45;0; 40.776  € 
6;16.6.2025;SI013513;KENDA Schweiz AG;11343,74;-2200; 9.144  € 
6;16.6.2025;SI013514;KENDA Schweiz AG;33590,65;0; 33.591  € 
6;18.6.2025;SI013518;KENDA France SAS;2375,13;-850; 1.525  € 
6;18.6.2025;SI013517;STIGA S.p.A.;16785,4;-1090; 15.695  € 
6;18.6.2025;SI013519;BOHNENKAMP A/S;50622,38;0; 50.622  € 
6;18.6.2025;SI013520;BOHNENKAMP A/S;612;0; 612  € 
6;18.6.2025;SI013521;BOHNENKAMP A/S;2324,07;0; 2.324  € 
6;20.6.2025;SI013531;KENDA GB Rugeley Ltd;39228,12;-3570; 35.658  € 
6;20.6.2025;SI013528;KENDA Deutschland GmbH;37251,48;-1880; 35.371  € 
6;20.6.2025;SI013526;KENDA Polska Sp. z.o.o.;47114,74;0; 47.115  € 
6;20.6.2025;SI013530;STIGA S.p.A.;17826,8;-1090; 16.737  € 
6;20.6.2025;SI013527;Ammann Czech Republic s.r.o.;9833,06;0; 9.833  € 
6;20.6.2025;SI013532;GRASDORF GmbH;692,24;0; 692  € 
6;23.6.2025;SI013535;KENDA België NV;26791,09;-1400; 25.391  € 
6;23.6.2025;SI013533;KENDA Deutschland GmbH;41559,77;-1880; 39.680  € 
6;23.6.2025;SI013534;STIGA S.p.A.;21250;-1090; 20.160  € 
6;23.6.2025;SI013536;STIGA S.p.A. spare-parts ;26348,11;0; 26.348  € 
6;24.6.2025;SI013537;STIGA S.p.A.;18032,2;-1090; 16.942  € 
6;25.6.2025;SI013538;KENDA Schweiz AG;6081,68;0; 6.082  € 
6;25.6.2025;SI013540;KENDA Schweiz AG;35844,18;-2200; 33.644  € 
6;26.6.2025;SI013542;KENDA Deutschland GmbH;29499,61;-1880; 27.620  € 
6;26.6.2025;SI013541;KENDA Polska Sp. z.o.o.;37947,58;0; 37.948  € 
6;26.6.2025;SI013543;ROSENBAUER INTERNATIONAL AG;55120,62;0; 55.121  € 
6;27.6.2025;SI013545;KENDA GB Rugeley Ltd;42301,61;-3570; 38.732  € 
6;27.6.2025;SI013549;KENDA België NV;6155,81;-700; 5.456  € 
6;27.6.2025;SI013544;STIGA S.p.A.;27209,2;-1090; 26.119  € 
6;27.6.2025;SI013548;Bohnenkamp Benelux BV;4960,3;-600; 4.360  € 
6;27.6.2025;SI013547;BOHNENKAMP A/S;1421,49;0; 1.421  € 
6;27.6.2025;SI013550;Rosenbauer Motors, LLC;28947,87;0; 28.948  € 
6;30.6.2025;SI013568;KENDA GB Rugeley Ltd;28316,23;-3570; 24.746  € 
6;30.6.2025;SI013575;KENDA GB Rugeley Ltd;336,84;0; 337  € 
6;30.6.2025;SI013556;KENDA Deutschland GmbH;32053,71;-1880; 30.174  € 
6;30.6.2025;SI013554;KENDA Polska Sp. z.o.o.;20777,68;0; 20.778  € 
6;30.6.2025;SI013552;STIGA S.p.A.;28111;-1090; 27.021  € 
6;30.6.2025;SI013571;STIGA S.p.A.;19777,2;-1090; 18.687  € 
6;30.6.2025;SI013570;Grasdorf Rad  GmbH;33833,84;0; 33.834  € 
6;30.6.2025;SI013555;BOHNENKAMP SE;46796,95;-1970; 44.827  € 
6;30.6.2025;SI013578;SOMAC;12737,16;-1400; 11.337  € 
6;30.6.2025;SI013569;GRASDORF GmbH;6913,55;0; 6.914  € 
6;30.6.2025;SI013553;GRASDORF KOLA POLSKA Sp. z.o.o.;14753,43;-1100; 13.653  € 
6;30.6.2025;SI013567;BOHNENKAMP s.r.o.;10743,48;0; 10.743  € 
6;30.6.2025;SI013574;Bohnenkamp Kft.;2057,91;0; 2.058  € 
6;30.6.2025;SI013572;Evolution S.r.l.;9622,89;0; 9.623  € 
6;30.6.2025;SI013576;Evolution S.r.l.;800;-800; -    € 
6;30.6.2025;SI013573;Avant Tecno Oy;8404,07;0; 8.404  € 
7;2.7.2025;SI013580;KENDA Deutschland GmbH;30487,09;-1880; 28.607  € 
7;2.7.2025;SI013581;Bohnenkamp SIA;21993,02;0; 21.993  € 
7;2.7.2025;SI013583;Maschinenfabrik Bernard Krone GmbH & Co. KG;4885,74;-900; 3.986  € 
7;4.7.2025;SI013592;GRASDORF GmbH;390,4;0; 390  € 
7;4.7.2025;SI013595;KENDA Deutschland GmbH;4445,96;-500; 3.946  € 
7;4.7.2025;SI013596;KENDA Polska Sp. z.o.o.;10496,69;0; 10.497  € 
7;7.7.2025;SI013597;KENDA Deutschland GmbH;43264,13;-1880; 41.384  € 
7;8.7.2025;SI013598;KENDA Deutschland GmbH;39199,88;-1880; 37.320  € 
7;8.7.2025;SI013599;KENDA GB Rugeley Ltd;60166,61;-3570; 56.597  € 
7;9.7.2025;SI013600;KENDA Schweiz AG;34039,89;-2200; 31.840  € 
7;10.7.2025;SI013601;Maschinenfabrik Bernard Krone GmbH & Co. KG;27353,48;-1900; 25.453  € 
7;10.7.2025;SI013602;KENDA Polska Sp. z.o.o.;42655,14;-1340; 41.315  € 
7;11.7.2025;SI013604;STIGA S.p.A.;34052,6;-1090; 32.963  € 
7;11.7.2025;SI013605;KENDA GB Rugeley Ltd;44565,7;-3570; 40.996  € 
7;14.7.2025;SI013606;KENDA Deutschland GmbH;46784,61;-1880; 44.905  € 
7;14.7.2025;SI013607;KENDA België NV;20965,77;-1700; 19.266  € 
7;14.7.2025;SI013608;GRASDORF GmbH;238;0; 238  € 
7;14.7.2025;SI013611;STIGA S.p.A.;8626,46;0; 8.626  € 
7;14.7.2025;SI013612;Forrim bv;23914,22;-900; 23.014  € 
7;15.7.2025;SI013614;KENDA België NV;6155,81;-700; 5.456  € 
7;16.7.2025;SI013615;KENDA Polska Sp. z.o.o.;68611,3;0; 68.611  € 
7;16.7.2025;SI013616;KENDA Deutschland GmbH;42542,87;-1880; 40.663  € 
7;17.7.2025;SI013619;GRASDORF GmbH;8553,04;0; 8.553  € 
7;17.7.2025;SI013620;KENDA Deutschland GmbH;52850,88;-1880; 50.971  € 
7;18.7.2025;SI013622;KENDA GB Rugeley Ltd;44483,01;-3570; 40.913  € 
7;21.7.2025;SI013623;KENDA Deutschland GmbH;43833,26;-1880; 41.953  € 
7;21.7.2025;SI013624;KENDA Polska Sp. z.o.o.;50914,21;-1340; 49.574  € 
7;22.7.2025;SI013626;ROSENBAUER INTERNATIONAL AG;33197;0; 33.197  € 
7;23.7.2025;SI013630;KENDA Deutschland GmbH;53897,05;-1880; 52.017  € 
7;24.7.2025;SI013631;BOHNENKAMP A/S;55428,3;-2800; 52.628  € 
7;24.7.2025;SI013632;BOHNENKAMP SE;32209,64;-1500; 30.710  € 
7;25.7.2025;SI013633;SODIJANTES INDUSTRIE SAS;30771,66;-1800; 28.972  € 
7;25.7.2025;SI013634;Bohnenkamp Benelux BV;3891,02;-700; 3.191  € 
7;25.7.2025;SI013635;KENDA GB Rugeley Ltd;189;0; 189  € 
7;25.7.2025;SI013636;KENDA GB Rugeley Ltd;53780,59;-3570; 50.211  € 
7;25.7.2025;SI013637;KENDA Schweiz AG;35530,82;-2200; 33.331  € 
7;25.7.2025;SI013638;KENDA Schweiz AG;4838,24;0; 4.838  € 
7;28.7.2025;SI013639;Grasdorf Rad  GmbH;25990,49;0; 25.990  € 
7;28.7.2025;SI013640;Grasdorf Rad  GmbH;6539,38;0; 6.539  € 
7;28.7.2025;SI013641;GRASDORF GmbH;12018,7;0; 12.019  € 
7;28.7.2025;SI013642;KENDA Deutschland GmbH;41083,24;-1880; 39.203  € 
7;28.7.2025;SI013643;KENDA Polska Sp. z.o.o.;26237,24;0; 26.237  € 
7;28.7.2025;SI013644;KENDA België NV;23546,64;-2000; 21.547  € 
7;29.7.2025;SI013645;KENDA Schweiz AG;23575,1;-2200; 21.375  € 
7;30.7.2025;SI013647;Bohnenkamp SIA;20513,33;0; 20.513  € 
7;30.7.2025;SI013648;Bohnenkamp SIA;6225,3;0; 6.225  € 
7;30.7.2025;SI013649;A&A TRADING CO., LTD;680,92;0; 681  € 
7;30.7.2025;SI013650;A&A TRADING CO., LTD;13575,72;0; 13.576  € 
7;30.7.2025;SI013651;Ammann Czech Republic s.r.o.;3162,13;0; 3.162  € 
7;30.7.2025;SI013668;A&A TRADING CO., LTD;240,48;0; 240  € 
7;31.7.2025;SI013654;KENDA GB Rugeley Ltd;52824,29;-3570; 49.254  € 
7;31.7.2025;SI013655;KENDA GB Rugeley Ltd;567,44;0; 567  € 
7;31.7.2025;SI013656;KENDA Polska Sp. z.o.o.;61699,14;0; 61.699  € 
7;31.7.2025;SI013657;STIGA S.p.A. spare-parts ;6366,25;0; 6.366  € 
7;31.7.2025;SI013658;KENDA Deutschland GmbH;42413,44;-1880; 40.533  € 
7;31.7.2025;SI013659;KENDA Schweiz AG;980,5;0; 981  € 
7;31.7.2025;SI013660;KENDA Schweiz AG;13668,79;-2200; 11.469  € 
7;31.7.2025;SI013662;KENDA Polska Sp. z.o.o.;6228,95;-1340; 4.889  € 
7;31.7.2025;SI013664;KENDA België NV;712,84;0; 713  € 
7;31.7.2025;SI013665;BOHNENKAMP A/S;26474,31;0; 26.474  € 
7;31.7.2025;SI013666;BOHNENKAMP A/S;2741,01;0; 2.741  € 
7;31.7.2025;SI013667;GRASDORF GmbH;656,7;0; 657  € 
7;31.7.2025;SI013669;KENDA Deutschland GmbH;297,66;0; 298  € 
8;13.8.2025;SI013671;A&A TRADING CO., LTD;50,58;0; 51  € 
8;25.8.2025;SI013676;KENDA Polska Sp. z.o.o.;36671,22;0; 36.671  € 
8;25.8.2025;SI013677;KENDA Deutschland GmbH;49441,06;-1880; 47.561  € 
8;27.8.2025;SI013680;Maschinenfabrik Bernard Krone GmbH & Co. KG;30140,96;-1970; 28.171  € 
8;27.8.2025;SI013681;KENDA Deutschland GmbH;36431,53;-1880; 34.552  € 
8;28.8.2025;SI013683;KENDA GB Rugeley Ltd;49003,29;-3570; 45.433  € 
8;29.8.2025;SI013684;KENDA Polska Sp. z.o.o.;29832,9;0; 29.833  € 
8;29.8.2025;SI013686;KENDA Schweiz AG;25448,66;-2200; 23.249  € 
8;29.8.2025;SI013687;Grasdorf Rad  GmbH;20415,53;0; 20.416  € 
8;29.8.2025;SI013688;GRASDORF GmbH;18278,94;0; 18.279  € 
8;30.8.2025;SI013689;STIGA S.p.A.;38347,8;-1090; 37.258  € 
8;30.8.2025;SI013690;KENDA Deutschland GmbH;44763,35;-1880; 42.883  € 
8;30.8.2025;SI013691;Forrim bv;18143,48;-700; 17.443  € 
8;30.8.2025;SI013692;KENDA GB Rugeley Ltd;52787,07;-3570; 49.217  € 
9;1.9.2025;SI013695;STIGA S.p.A.;5230,2;0; 5.230  € 
9;3.9.2025;SI013696;KENDA Schweiz AG;17822,36;0; 17.822  € 
9;3.9.2025;SI013697;KENDA Schweiz AG;22113,95;0; 22.114  € 
9;4.9.2025;SI013698;KENDA Polska Sp. z.o.o.;58667,59;0; 58.668  € 
9;4.9.2025;SI013699;KENDA Deutschland GmbH;42051,02;-1880; 40.171  € 
9;5.9.2025;SI013700;KENDA GB Rugeley Ltd;50074,9;-3570; 46.505  € 
9;8.9.2025;SI013707;KENDA Deutschland GmbH;51848,82;-1880; 49.969  € 
9;10.9.2025;SI013710;KENDA Deutschland GmbH;41882,31;-1880; 40.002  € 
9;12.9.2025;SI013712;KENDA Schweiz AG;8008,12;0; 8.008  € 
9;12.9.2025;SI013713;KENDA Schweiz AG;54895,98;-2200; 52.696  € 
9;12.9.2025;SI013714;KENDA Polska Sp. z.o.o.;57480,65;0; 57.481  € 
9;15.9.2025;SI013715;KENDA Deutschland GmbH;51472,12;-1880; 49.592  € 
9;15.9.2025;SI013716;KENDA Polska Sp. z.o.o.;48455,24;0; 48.455  € 
9;15.9.2025;SI013717;KENDA GB Rugeley Ltd;53650,66;-3570; 50.081  € 
9;17.9.2025;SI013720;KENDA Deutschland GmbH;54716,34;-1880; 52.836  € 
9;18.9.2025;SI013721;KENDA Deutschland GmbH;52158,55;-1880; 50.279  € 
9;22.9.2025;SI013727;Forrim bv;23088,17;-900; 22.188  € 
9;22.9.2025;SI013728;KENDA België NV;60955,51;-2400; 58.556  € 
9;22.9.2025;SI013729;KENDA Deutschland GmbH;46081,97;-1880; 44.202  € 
9;22.9.2025;SI013735;KENDA GB Rugeley Ltd;52511,1;-3570; 48.941  € 
9;23.9.2025;SI013737;KENDA Polska Sp. z.o.o.;44820,71;0; 44.821  € 
9;24.9.2025;SI013739;KENDA Polska Sp. z.o.o.;44414,34;0; 44.414  € 
9;24.9.2025;SI013740;Ammann Czech Republic s.r.o.;6690,79;0; 6.691  € 
9;24.9.2025;SI013741;STIGA S.p.A.;33074,6;0; 33.075  € 
9;25.9.2025;SI013742;BOHNENKAMP s.r.o.;10078,92;0; 10.079  € 
9;25.9.2025;SI013743;KENDA Deutschland GmbH;54991,04;-1880; 53.111  € 
9;25.9.2025;SI013745;A&A TRADING CO., LTD;28,89;0; 29  € 
9;26.9.2025;SI013747;KENDA Schweiz AG;4337,96;0; 4.338  € 
9;26.9.2025;SI013749;KENDA Schweiz AG;25827,74;-2200; 23.628  € 
9;26.9.2025;SI013750;KENDA GB Rugeley Ltd;22094,54;-3570; 18.525  € 
9;29.9.2025;SI013753;Maschinenfabrik Bernard Krone GmbH & Co. KG;27511,31;-1970; 25.541  € 
9;29.9.2025;SI013754;KENDA Deutschland GmbH;3150,38;0; 3.150  € 
9;29.9.2025;SI013755;ROSENBAUER INTERNATIONAL AG;46569,14;0; 46.569  € 
9;29.9.2025;SI013756;Maschinenfabrik Bernard Krone GmbH & Co. KG;3010;0; 3.010  € 
9;29.9.2025;SI013757;Maschinenfabrik Bernard Krone GmbH & Co. KG;3341,03;-1970; 1.371  € 
9;30.9.2025;SI013761;Evolution S.r.l.;3547,14;0; 3.547  € 
9;30.9.2025;SI013762;Evolution S.r.l.;9975,32;-800; 9.175  € 
9;30.9.2025;SI013763;BOHNENKAMP A/S;20799,37;0; 20.799  € 
9;30.9.2025;SI013764;ROSENBAUER INTERNATIONAL AG;23833,08;0; 23.833  € 
9;30.9.2025;SI013765;GRASDORF GmbH;17072,82;0; 17.073  € 
9;30.9.2025;SI013768;KENDA Deutschland GmbH;49052,06;-1880; 47.172  € 
9;30.9.2025;SI013770;KENDA Polska Sp. z.o.o.;39992,46;0; 39.992  € 
9;30.9.2025;SI013771;BOHNENKAMP SE;49958,66;-1970; 47.989  € 
9;30.9.2025;SI013772;KENDA Deutschland GmbH;11225,17;0; 11.225  € 
9;30.9.2025;SI013773;KENDA GB Rugeley Ltd;44571,41;-3570; 41.001  € 
9;30.9.2025;SI013775;KENDA Schweiz AG;2755,63;0; 2.756  € 
9;30.9.2025;SI013776;Bohnenkamp SIA;25554,39;0; 25.554  € 
10;6.10.2025;SI013780;KENDA Deutschland GmbH;45948,59;-1880; 44.069  € 
10;6.10.2025;SI013781;ROSENBAUER INTERNATIONAL AG;30056,4;0; 30.056  € 
10;6.10.2025;SI013782;ROSENBAUER INTERNATIONAL AG;20384,31;0; 20.384  € 
